"cd_mun","nm_mun","temperature","date"
"1500107","Abaetetuba",32.0434869766235,"2020-12-27"
"1500800","Ananindeua",31.6227868398031,"2020-12-27"
"1501105","Bagre",31.7493503794951,"2020-12-27"
"1501204","Baião",32.0204684734344,"2020-12-27"
"1501303","Barcarena",31.6777127583822,"2020-12-27"
"1501402","Belém",30.7779636383057,"2020-12-27"
"1501501","Benevides",31.9519281387329,"2020-12-27"
"1501782","Breu Branco",31.9167505322081,"2020-12-27"
"1502103","Cametá",31.9217758178711,"2020-12-27"
"1503093","Goianésia do Pará",31.7759620074568,"2020-12-27"
"1503309","Igarapé-Miri",32.2910246531169,"2020-12-27"
"1503804","Jacundá",30.9774173736572,"2020-12-27"
"1504000","Limoeiro do Ajuru",31.4453037261963,"2020-12-27"
"1504422","Marituba",31.8654952049255,"2020-12-27"
"1504604","Mocajuba",32.349006652832,"2020-12-27"
"1504703","Moju",32.6928355257276,"2020-12-27"
"1505064","Novo Repartimento",30.8666758808663,"2020-12-27"
"1505205","Oeiras do Pará",31.8644957542419,"2020-12-27"
"1506351","Santa Bárbara do Pará",31.2872409820557,"2020-12-27"
"1507953","Tailândia",32.5902772383256,"2020-12-27"
"1508100","Tucuruí",30.9771535661485,"2020-12-27"
"1500107","Abaetetuba",31.8371334075928,"2020-12-20"
"1500800","Ananindeua",31.8183733622233,"2020-12-20"
"1501105","Bagre",31.8010734109318,"2020-12-20"
"1501204","Baião",31.8628369569778,"2020-12-20"
"1501303","Barcarena",31.7671292622884,"2020-12-20"
"1501402","Belém",30.7451725006104,"2020-12-20"
"1501501","Benevides",32.3547439575195,"2020-12-20"
"1501782","Breu Branco",31.4389856511896,"2020-12-20"
"1502103","Cametá",31.4222977956136,"2020-12-20"
"1503093","Goianésia do Pará",31.3610101897141,"2020-12-20"
"1503309","Igarapé-Miri",31.8968358357747,"2020-12-20"
"1503804","Jacundá",30.6816776275635,"2020-12-20"
"1504000","Limoeiro do Ajuru",31.2068515777588,"2020-12-20"
"1504422","Marituba",32.1799550056458,"2020-12-20"
"1504604","Mocajuba",31.8159956932068,"2020-12-20"
"1504703","Moju",32.3698534092433,"2020-12-20"
"1505064","Novo Repartimento",30.4769959333466,"2020-12-20"
"1505205","Oeiras do Pará",31.8198759215219,"2020-12-20"
"1506351","Santa Bárbara do Pará",31.5934085845947,"2020-12-20"
"1507953","Tailândia",32.3057859016187,"2020-12-20"
"1508100","Tucuruí",30.7533664703369,"2020-12-20"
"1500107","Abaetetuba",31.3525608062744,"2020-12-13"
"1500800","Ananindeua",31.1583601633708,"2020-12-13"
"1501105","Bagre",32.0898495842429,"2020-12-13"
"1501204","Baião",32.0332686901093,"2020-12-13"
"1501303","Barcarena",31.0272108713786,"2020-12-13"
"1501402","Belém",30.3240451812744,"2020-12-13"
"1501501","Benevides",31.6466312408447,"2020-12-13"
"1501782","Breu Branco",31.6234034335974,"2020-12-13"
"1502103","Cametá",31.6243445078532,"2020-12-13"
"1503093","Goianésia do Pará",31.4986522279937,"2020-12-13"
"1503309","Igarapé-Miri",31.7576841990153,"2020-12-13"
"1503804","Jacundá",30.8520572662354,"2020-12-13"
"1504000","Limoeiro do Ajuru",31.1730381011963,"2020-12-13"
"1504422","Marituba",31.4658679962158,"2020-12-13"
"1504604","Mocajuba",31.916699886322,"2020-12-13"
"1504703","Moju",32.6338811793797,"2020-12-13"
"1505064","Novo Repartimento",30.8649366270236,"2020-12-13"
"1505205","Oeiras do Pará",32.1169102532523,"2020-12-13"
"1506351","Santa Bárbara do Pará",31.0909366607666,"2020-12-13"
"1507953","Tailândia",33.1794061371774,"2020-12-13"
"1508100","Tucuruí",30.741915596856,"2020-12-13"
"1500107","Abaetetuba",31.2696933746338,"2020-12-06"
"1500800","Ananindeua",31.7845910390218,"2020-12-06"
"1501105","Bagre",32.4184037937837,"2020-12-06"
"1501204","Baião",32.3723745942116,"2020-12-06"
"1501303","Barcarena",31.2479241689046,"2020-12-06"
"1501402","Belém",31.3575077056885,"2020-12-06"
"1501501","Benevides",31.986855506897,"2020-12-06"
"1501782","Breu Branco",32.4197509072044,"2020-12-06"
"1502103","Cametá",31.590349038442,"2020-12-06"
"1503093","Goianésia do Pará",32.0395811344015,"2020-12-06"
"1503309","Igarapé-Miri",31.803218460083,"2020-12-06"
"1503804","Jacundá",31.3205712636312,"2020-12-06"
"1504000","Limoeiro do Ajuru",31.0832767486572,"2020-12-06"
"1504422","Marituba",31.9019026756287,"2020-12-06"
"1504604","Mocajuba",32.2188186645508,"2020-12-06"
"1504703","Moju",32.5664459819525,"2020-12-06"
"1505064","Novo Repartimento",30.8828427539608,"2020-12-06"
"1505205","Oeiras do Pará",32.1117701530457,"2020-12-06"
"1506351","Santa Bárbara do Pará",31.8297367095947,"2020-12-06"
"1507953","Tailândia",32.4830810084487,"2020-12-06"
"1508100","Tucuruí",31.3098120159573,"2020-12-06"
"1500107","Abaetetuba",32.2716360092163,"2020-11-29"
"1500800","Ananindeua",31.7743670145671,"2020-11-29"
"1501105","Bagre",32.6526521794936,"2020-11-29"
"1501204","Baião",32.8881445527077,"2020-11-29"
"1501303","Barcarena",31.9368982315063,"2020-11-29"
"1501402","Belém",30.8162784576416,"2020-11-29"
"1501501","Benevides",32.1290817260742,"2020-11-29"
"1501782","Breu Branco",32.5833917097612,"2020-11-29"
"1502103","Cametá",32.4770725568136,"2020-11-29"
"1503093","Goianésia do Pará",32.4592423603453,"2020-11-29"
"1503309","Igarapé-Miri",32.6710781097412,"2020-11-29"
"1503804","Jacundá",31.3871096293132,"2020-11-29"
"1504000","Limoeiro do Ajuru",31.5475894927979,"2020-11-29"
"1504422","Marituba",32.0277333259583,"2020-11-29"
"1504604","Mocajuba",33.0972747802734,"2020-11-29"
"1504703","Moju",33.4136976859939,"2020-11-29"
"1505064","Novo Repartimento",31.5768863243785,"2020-11-29"
"1505205","Oeiras do Pará",32.5840914590018,"2020-11-29"
"1506351","Santa Bárbara do Pará",31.483118057251,"2020-11-29"
"1507953","Tailândia",33.2806976780747,"2020-11-29"
"1508100","Tucuruí",31.3777068456014,"2020-11-29"
"1500107","Abaetetuba",32.1167989730835,"2020-11-22"
"1500800","Ananindeua",31.6899560292562,"2020-11-22"
"1501105","Bagre",32.0581423815559,"2020-11-22"
"1501204","Baião",31.9748725891113,"2020-11-22"
"1501303","Barcarena",31.6468041737874,"2020-11-22"
"1501402","Belém",30.8314304351807,"2020-11-22"
"1501501","Benevides",31.908411026001,"2020-11-22"
"1501782","Breu Branco",32.0740589951024,"2020-11-22"
"1502103","Cametá",31.7426750659943,"2020-11-22"
"1503093","Goianésia do Pará",32.0174453011875,"2020-11-22"
"1503309","Igarapé-Miri",32.2688404083252,"2020-11-22"
"1503804","Jacundá",31.275159072876,"2020-11-22"
"1504000","Limoeiro do Ajuru",31.3971012115479,"2020-11-22"
"1504422","Marituba",31.8458194732666,"2020-11-22"
"1504604","Mocajuba",31.9851274490356,"2020-11-22"
"1504703","Moju",32.3113205869433,"2020-11-22"
"1505064","Novo Repartimento",31.2406664282326,"2020-11-22"
"1505205","Oeiras do Pará",31.9255262783595,"2020-11-22"
"1506351","Santa Bárbara do Pará",31.4460391998291,"2020-11-22"
"1507953","Tailândia",32.1803451884877,"2020-11-22"
"1508100","Tucuruí",31.2816393110487,"2020-11-22"
"1500107","Abaetetuba",32.2731098175049,"2020-11-15"
"1500800","Ananindeua",31.8151588439941,"2020-11-15"
"1501105","Bagre",32.4894998774809,"2020-11-15"
"1501204","Baião",32.9715995788574,"2020-11-15"
"1501303","Barcarena",31.9711796442668,"2020-11-15"
"1501402","Belém",30.9646854400635,"2020-11-15"
"1501501","Benevides",32.1033411026001,"2020-11-15"
"1501782","Breu Branco",32.4654901677912,"2020-11-15"
"1502103","Cametá",32.0887498060862,"2020-11-15"
"1503093","Goianésia do Pará",32.1752510070801,"2020-11-15"
"1503309","Igarapé-Miri",32.4020659128825,"2020-11-15"
"1503804","Jacundá",31.4696617126465,"2020-11-15"
"1504000","Limoeiro do Ajuru",31.5713382720947,"2020-11-15"
"1504422","Marituba",32.0326776504517,"2020-11-15"
"1504604","Mocajuba",32.8605690002441,"2020-11-15"
"1504703","Moju",32.9153641176895,"2020-11-15"
"1505064","Novo Repartimento",31.8785337742751,"2020-11-15"
"1505205","Oeiras do Pará",32.1962142671858,"2020-11-15"
"1506351","Santa Bárbara do Pará",31.438455581665,"2020-11-15"
"1507953","Tailândia",32.9592403065075,"2020-11-15"
"1508100","Tucuruí",32.0822040769789,"2020-11-15"
"1500107","Abaetetuba",33.2093490600586,"2020-11-08"
"1500800","Ananindeua",32.3330211639404,"2020-11-08"
"1501105","Bagre",32.8417721916648,"2020-11-08"
"1501204","Baião",32.7361698150635,"2020-11-08"
"1501303","Barcarena",32.680793762207,"2020-11-08"
"1501402","Belém",31.4043064117432,"2020-11-08"
"1501501","Benevides",32.6970748901367,"2020-11-08"
"1501782","Breu Branco",32.8734452796705,"2020-11-08"
"1502103","Cametá",32.8099428812663,"2020-11-08"
"1503093","Goianésia do Pará",32.8478829942901,"2020-11-08"
"1503309","Igarapé-Miri",33.510514831543,"2020-11-08"
"1503804","Jacundá",32.1775338490804,"2020-11-08"
"1504000","Limoeiro do Ajuru",32.4209762573242,"2020-11-08"
"1504422","Marituba",32.6264114379883,"2020-11-08"
"1504604","Mocajuba",33.005916595459,"2020-11-08"
"1504703","Moju",33.4198046402192,"2020-11-08"
"1505064","Novo Repartimento",32.3008189782864,"2020-11-08"
"1505205","Oeiras do Pará",32.760625566755,"2020-11-08"
"1506351","Santa Bárbara do Pará",31.7680606842041,"2020-11-08"
"1507953","Tailândia",33.3155783450965,"2020-11-08"
"1508100","Tucuruí",32.0014261669583,"2020-11-08"
"1500107","Abaetetuba",33.6449752807617,"2020-11-01"
"1500800","Ananindeua",33.1351140340169,"2020-11-01"
"1501105","Bagre",34.2050085628734,"2020-11-01"
"1501204","Baião",34.3889436721802,"2020-11-01"
"1501303","Barcarena",33.3346125284831,"2020-11-01"
"1501402","Belém",31.782265663147,"2020-11-01"
"1501501","Benevides",33.6962966918945,"2020-11-01"
"1501782","Breu Branco",34.1498336791992,"2020-11-01"
"1502103","Cametá",34.4734052022298,"2020-11-01"
"1503093","Goianésia do Pará",34.3197666365525,"2020-11-01"
"1503309","Igarapé-Miri",34.2455795288086,"2020-11-01"
"1503804","Jacundá",33.4727687835693,"2020-11-01"
"1504000","Limoeiro do Ajuru",34.0650619506836,"2020-11-01"
"1504422","Marituba",33.5381393432617,"2020-11-01"
"1504604","Mocajuba",34.625560760498,"2020-11-01"
"1504703","Moju",35.1065915604712,"2020-11-01"
"1505064","Novo Repartimento",33.0172395473573,"2020-11-01"
"1505205","Oeiras do Pará",34.3991067068917,"2020-11-01"
"1506351","Santa Bárbara do Pará",32.6833267211914,"2020-11-01"
"1507953","Tailândia",35.6651793971206,"2020-11-01"
"1508100","Tucuruí",33.3796090020074,"2020-11-01"
"1500107","Abaetetuba",34.0864700317383,"2020-10-25"
"1500800","Ananindeua",33.9841130574544,"2020-10-25"
"1501105","Bagre",35.2081617467544,"2020-10-25"
"1501204","Baião",35.8507194519043,"2020-10-25"
"1501303","Barcarena",33.9842809041341,"2020-10-25"
"1501402","Belém",32.771125793457,"2020-10-25"
"1501501","Benevides",34.7827682495117,"2020-10-25"
"1501782","Breu Branco",35.5901912342418,"2020-10-25"
"1502103","Cametá",35.1939061482747,"2020-10-25"
"1503093","Goianésia do Pará",35.4303017978011,"2020-10-25"
"1503309","Igarapé-Miri",34.8169235229492,"2020-10-25"
"1503804","Jacundá",34.096901957194,"2020-10-25"
"1504000","Limoeiro do Ajuru",34.1865615844727,"2020-10-25"
"1504422","Marituba",34.5074462890625,"2020-10-25"
"1504604","Mocajuba",35.5261878967285,"2020-10-25"
"1504703","Moju",36.0488076008541,"2020-10-25"
"1505064","Novo Repartimento",33.9732582278368,"2020-10-25"
"1505205","Oeiras do Pará",35.3051550728934,"2020-10-25"
"1506351","Santa Bárbara do Pará",33.7395553588867,"2020-10-25"
"1507953","Tailândia",36.3714745261452,"2020-10-25"
"1508100","Tucuruí",34.4009645250108,"2020-10-25"
"1500107","Abaetetuba",33.3055282592773,"2020-10-18"
"1500800","Ananindeua",33.0366846720378,"2020-10-18"
"1501105","Bagre",35.2108840942383,"2020-10-18"
"1501204","Baião",35.4253120422363,"2020-10-18"
"1501303","Barcarena",33.2200698852539,"2020-10-18"
"1501402","Belém",31.9104700088501,"2020-10-18"
"1501501","Benevides",33.5978317260742,"2020-10-18"
"1501782","Breu Branco",35.6387151082357,"2020-10-18"
"1502103","Cametá",34.6428972880046,"2020-10-18"
"1503093","Goianésia do Pará",35.688854085988,"2020-10-18"
"1503309","Igarapé-Miri",34.2348169962565,"2020-10-18"
"1503804","Jacundá",34.6290084838867,"2020-10-18"
"1504000","Limoeiro do Ajuru",33.450895690918,"2020-10-18"
"1504422","Marituba",33.4275665283203,"2020-10-18"
"1504604","Mocajuba",35.2492637634277,"2020-10-18"
"1504703","Moju",35.5261175666057,"2020-10-18"
"1505064","Novo Repartimento",34.041174477678,"2020-10-18"
"1505205","Oeiras do Pará",34.9910975864955,"2020-10-18"
"1506351","Santa Bárbara do Pará",32.739128112793,"2020-10-18"
"1507953","Tailândia",35.5584612759677,"2020-10-18"
"1508100","Tucuruí",34.7028834025065,"2020-10-18"
"1500107","Abaetetuba",33.9081344604492,"2020-10-11"
"1500800","Ananindeua",33.8105697631836,"2020-10-11"
"1501105","Bagre",35.0075086705825,"2020-10-11"
"1501204","Baião",34.9937191009521,"2020-10-11"
"1501303","Barcarena",34.0630162556966,"2020-10-11"
"1501402","Belém",32.3626937866211,"2020-10-11"
"1501501","Benevides",34.5003128051758,"2020-10-11"
"1501782","Breu Branco",35.0331825487541,"2020-10-11"
"1502103","Cametá",34.8650321960449,"2020-10-11"
"1503093","Goianésia do Pará",35.0851990272259,"2020-10-11"
"1503309","Igarapé-Miri",34.4976567586263,"2020-10-11"
"1503804","Jacundá",34.4005498250325,"2020-10-11"
"1504000","Limoeiro do Ajuru",33.7638595581055,"2020-10-11"
"1504422","Marituba",34.2973251342773,"2020-10-11"
"1504604","Mocajuba",35.3024139404297,"2020-10-11"
"1504703","Moju",35.4994744314274,"2020-10-11"
"1505064","Novo Repartimento",33.6591951323719,"2020-10-11"
"1505205","Oeiras do Pará",35.09313419887,"2020-10-11"
"1506351","Santa Bárbara do Pará",33.3193130493164,"2020-10-11"
"1507953","Tailândia",35.5685995853308,"2020-10-11"
"1508100","Tucuruí",34.0726954142253,"2020-10-11"
"1500107","Abaetetuba",34.0016342163086,"2020-10-04"
"1500800","Ananindeua",33.7528406778971,"2020-10-04"
"1501105","Bagre",35.5288602043601,"2020-10-04"
"1501204","Baião",36.1257343292236,"2020-10-04"
"1501303","Barcarena",34.0671106974284,"2020-10-04"
"1501402","Belém",32.1702814102173,"2020-10-04"
"1501501","Benevides",34.506217956543,"2020-10-04"
"1501782","Breu Branco",36.4034477002693,"2020-10-04"
"1502103","Cametá",34.8670832316081,"2020-10-04"
"1503093","Goianésia do Pará",36.3213329972892,"2020-10-04"
"1503309","Igarapé-Miri",34.6160222371419,"2020-10-04"
"1503804","Jacundá",35.2483810424805,"2020-10-04"
"1504000","Limoeiro do Ajuru",33.7560836791992,"2020-10-04"
"1504422","Marituba",34.2899475097656,"2020-10-04"
"1504604","Mocajuba",35.6841468811035,"2020-10-04"
"1504703","Moju",36.3886109473,"2020-10-04"
"1505064","Novo Repartimento",35.5232854703578,"2020-10-04"
"1505205","Oeiras do Pará",35.2920793805804,"2020-10-04"
"1506351","Santa Bárbara do Pará",33.2651748657227,"2020-10-04"
"1507953","Tailândia",36.9502847844904,"2020-10-04"
"1508100","Tucuruí",35.506957160102,"2020-10-04"
"1500107","Abaetetuba",33.701628112793,"2020-09-27"
"1500800","Ananindeua",33.1226323445638,"2020-09-27"
"1501105","Bagre",34.7912862441119,"2020-09-27"
"1501204","Baião",34.621940612793,"2020-09-27"
"1501303","Barcarena",33.2702611287435,"2020-09-27"
"1501402","Belém",32.0733575820923,"2020-09-27"
"1501501","Benevides",33.4915390014648,"2020-09-27"
"1501782","Breu Branco",34.5312923084606,"2020-09-27"
"1502103","Cametá",34.5374196370443,"2020-09-27"
"1503093","Goianésia do Pará",34.7495940635944,"2020-09-27"
"1503309","Igarapé-Miri",34.453786722819,"2020-09-27"
"1503804","Jacundá",34.228923034668,"2020-09-27"
"1504000","Limoeiro do Ajuru",33.5504592895508,"2020-09-27"
"1504422","Marituba",33.3832778930664,"2020-09-27"
"1504604","Mocajuba",34.7211227416992,"2020-09-27"
"1504703","Moju",35.0260823209521,"2020-09-27"
"1505064","Novo Repartimento",34.57052965862,"2020-09-27"
"1505205","Oeiras do Pará",34.80579158238,"2020-09-27"
"1506351","Santa Bárbara do Pará",32.7504653930664,"2020-09-27"
"1507953","Tailândia",35.4166433160955,"2020-09-27"
"1508100","Tucuruí",34.2297236124674,"2020-09-27"
"1500107","Abaetetuba",34.2638137817383,"2020-09-20"
"1500800","Ananindeua",33.7023442586263,"2020-09-20"
"1501105","Bagre",35.3012080473058,"2020-09-20"
"1501204","Baião",35.5161170959473,"2020-09-20"
"1501303","Barcarena",34.2651290893555,"2020-09-20"
"1501402","Belém",32.2712631225586,"2020-09-20"
"1501501","Benevides",34.2682266235352,"2020-09-20"
"1501782","Breu Branco",35.5935361457594,"2020-09-20"
"1502103","Cametá",35.1226743062337,"2020-09-20"
"1503093","Goianésia do Pará",35.6732238243366,"2020-09-20"
"1503309","Igarapé-Miri",35.1444727579753,"2020-09-20"
"1503804","Jacundá",35.0790674845378,"2020-09-20"
"1504000","Limoeiro do Ajuru",33.9424118041992,"2020-09-20"
"1504422","Marituba",34.1336822509766,"2020-09-20"
"1504604","Mocajuba",35.580696105957,"2020-09-20"
"1504703","Moju",36.0159135200608,"2020-09-20"
"1505064","Novo Repartimento",34.9442667767284,"2020-09-20"
"1505205","Oeiras do Pará",35.3220934186663,"2020-09-20"
"1506351","Santa Bárbara do Pará",33.108757019043,"2020-09-20"
"1507953","Tailândia",36.2473882039388,"2020-09-20"
"1508100","Tucuruí",34.6679594251845,"2020-09-20"
"1500107","Abaetetuba",35.6334396362305,"2020-09-13"
"1500800","Ananindeua",34.7732874552409,"2020-09-13"
"1501105","Bagre",35.9501221600701,"2020-09-13"
"1501204","Baião",36.4749336242676,"2020-09-13"
"1501303","Barcarena",35.2630335489909,"2020-09-13"
"1501402","Belém",33.2621841430664,"2020-09-13"
"1501501","Benevides",35.0871200561523,"2020-09-13"
"1501782","Breu Branco",36.8976169932972,"2020-09-13"
"1502103","Cametá",36.3026364644369,"2020-09-13"
"1503093","Goianésia do Pará",36.7578843215416,"2020-09-13"
"1503309","Igarapé-Miri",36.4466435750326,"2020-09-13"
"1503804","Jacundá",36.0677841186523,"2020-09-13"
"1504000","Limoeiro do Ajuru",35.3579635620117,"2020-09-13"
"1504422","Marituba",35.0426635742188,"2020-09-13"
"1504604","Mocajuba",36.4792175292969,"2020-09-13"
"1504703","Moju",37.1599074887558,"2020-09-13"
"1505064","Novo Repartimento",36.0670972994673,"2020-09-13"
"1505205","Oeiras do Pará",36.0949935913086,"2020-09-13"
"1506351","Santa Bárbara do Pará",34.0845718383789,"2020-09-13"
"1507953","Tailândia",37.3590788407759,"2020-09-13"
"1508100","Tucuruí",35.8205184936523,"2020-09-13"
"1500107","Abaetetuba",35.5313888549805,"2020-09-06"
"1500800","Ananindeua",35.1157964070638,"2020-09-06"
"1501105","Bagre",35.8061949786018,"2020-09-06"
"1501204","Baião",36.5187397003174,"2020-09-06"
"1501303","Barcarena",35.4160792032878,"2020-09-06"
"1501402","Belém",33.2865982055664,"2020-09-06"
"1501501","Benevides",35.5561447143555,"2020-09-06"
"1501782","Breu Branco",36.6703165227717,"2020-09-06"
"1502103","Cametá",36.0160598754883,"2020-09-06"
"1503093","Goianésia do Pará",36.5670926324252,"2020-09-06"
"1503309","Igarapé-Miri",36.3049850463867,"2020-09-06"
"1503804","Jacundá",35.7597579956055,"2020-09-06"
"1504000","Limoeiro do Ajuru",34.5798599243164,"2020-09-06"
"1504422","Marituba",35.5047073364258,"2020-09-06"
"1504604","Mocajuba",36.6901931762695,"2020-09-06"
"1504703","Moju",37.0463709226796,"2020-09-06"
"1505064","Novo Repartimento",35.6097712943224,"2020-09-06"
"1505205","Oeiras do Pará",35.8396802629743,"2020-09-06"
"1506351","Santa Bárbara do Pará",34.3158950805664,"2020-09-06"
"1507953","Tailândia",36.7776449954871,"2020-09-06"
"1508100","Tucuruí",35.4300901624892,"2020-09-06"
"1500107","Abaetetuba",34.634846496582,"2020-08-30"
"1500800","Ananindeua",33.7225468953451,"2020-08-30"
"1501105","Bagre",35.5369662116556,"2020-08-30"
"1501204","Baião",36.1211338043213,"2020-08-30"
"1501303","Barcarena",34.0743077596029,"2020-08-30"
"1501402","Belém",32.9858627319336,"2020-08-30"
"1501501","Benevides",34.0688858032227,"2020-08-30"
"1501782","Breu Branco",36.4576348969431,"2020-08-30"
"1502103","Cametá",35.5040817260742,"2020-08-30"
"1503093","Goianésia do Pará",36.6267744919349,"2020-08-30"
"1503309","Igarapé-Miri",35.6087265014648,"2020-08-30"
"1503804","Jacundá",35.8142339070638,"2020-08-30"
"1504000","Limoeiro do Ajuru",34.1156112670898,"2020-08-30"
"1504422","Marituba",33.9936218261719,"2020-08-30"
"1504604","Mocajuba",36.0286483764648,"2020-08-30"
"1504703","Moju",36.5354146823077,"2020-08-30"
"1505064","Novo Repartimento",35.42219363577,"2020-08-30"
"1505205","Oeiras do Pará",35.5626623971122,"2020-08-30"
"1506351","Santa Bárbara do Pará",33.3034439086914,"2020-08-30"
"1507953","Tailândia",36.4947655417702,"2020-08-30"
"1508100","Tucuruí",35.2672280205621,"2020-08-30"
"1500107","Abaetetuba",33.6215225219727,"2020-08-23"
"1500800","Ananindeua",33.2839889526367,"2020-08-23"
"1501105","Bagre",34.2336986766142,"2020-08-23"
"1501204","Baião",34.2739734649658,"2020-08-23"
"1501303","Barcarena",33.4482752482096,"2020-08-23"
"1501402","Belém",32.0635919570923,"2020-08-23"
"1501501","Benevides",33.7318496704102,"2020-08-23"
"1501782","Breu Branco",34.2790053396514,"2020-08-23"
"1502103","Cametá",34.2401644388835,"2020-08-23"
"1503093","Goianésia do Pará",35.0301642582334,"2020-08-23"
"1503309","Igarapé-Miri",34.1597600301107,"2020-08-23"
"1503804","Jacundá",34.1013371785482,"2020-08-23"
"1504000","Limoeiro do Ajuru",33.5532119750977,"2020-08-23"
"1504422","Marituba",33.6207046508789,"2020-08-23"
"1504604","Mocajuba",34.5087966918945,"2020-08-23"
"1504703","Moju",35.1272167152082,"2020-08-23"
"1505064","Novo Repartimento",34.231575632483,"2020-08-23"
"1505205","Oeiras do Pará",34.3728692190988,"2020-08-23"
"1506351","Santa Bárbara do Pará",32.8275985717773,"2020-08-23"
"1507953","Tailândia",35.8247965032404,"2020-08-23"
"1508100","Tucuruí",33.7692167494032,"2020-08-23"
"1500107","Abaetetuba",35.4145217895508,"2020-08-16"
"1500800","Ananindeua",34.3065516153971,"2020-08-16"
"1501105","Bagre",36.3572221643784,"2020-08-16"
"1501204","Baião",36.621862411499,"2020-08-16"
"1501303","Barcarena",35.1070276896159,"2020-08-16"
"1501402","Belém",33.2349166870117,"2020-08-16"
"1501501","Benevides",34.6576156616211,"2020-08-16"
"1501782","Breu Branco",36.7778475212328,"2020-08-16"
"1502103","Cametá",36.3617032368978,"2020-08-16"
"1503093","Goianésia do Pará",36.8293954257307,"2020-08-16"
"1503309","Igarapé-Miri",36.3874313354492,"2020-08-16"
"1503804","Jacundá",35.8144719441732,"2020-08-16"
"1504000","Limoeiro do Ajuru",34.8609268188477,"2020-08-16"
"1504422","Marituba",34.6378326416016,"2020-08-16"
"1504604","Mocajuba",36.7682456970215,"2020-08-16"
"1504703","Moju",37.2398884732958,"2020-08-16"
"1505064","Novo Repartimento",35.891307613714,"2020-08-16"
"1505205","Oeiras do Pará",36.3673913138253,"2020-08-16"
"1506351","Santa Bárbara do Pará",33.6207046508789,"2020-08-16"
"1507953","Tailândia",37.1350160078569,"2020-08-16"
"1508100","Tucuruí",35.3592368231879,"2020-08-16"
"1500107","Abaetetuba",35.0567886352539,"2020-08-09"
"1500800","Ananindeua",33.9965947469076,"2020-08-09"
"1501105","Bagre",35.9463092579561,"2020-08-09"
"1501204","Baião",36.0461673736572,"2020-08-09"
"1501303","Barcarena",34.7732111612956,"2020-08-09"
"1501402","Belém",33.0219497680664,"2020-08-09"
"1501501","Benevides",34.0931930541992,"2020-08-09"
"1501782","Breu Branco",36.2407927079634,"2020-08-09"
"1502103","Cametá",35.9069633483887,"2020-08-09"
"1503093","Goianésia do Pará",36.1376003396922,"2020-08-09"
"1503309","Igarapé-Miri",35.9663050333659,"2020-08-09"
"1503804","Jacundá",35.1202499389648,"2020-08-09"
"1504000","Limoeiro do Ajuru",34.6684463500977,"2020-08-09"
"1504422","Marituba",34.1461410522461,"2020-08-09"
"1504604","Mocajuba",36.0915145874023,"2020-08-09"
"1504703","Moju",36.6175030990386,"2020-08-09"
"1505064","Novo Repartimento",34.8982023533767,"2020-08-09"
"1505205","Oeiras do Pará",35.9680121285575,"2020-08-09"
"1506351","Santa Bárbara do Pará",33.4286880493164,"2020-08-09"
"1507953","Tailândia",36.513923182632,"2020-08-09"
"1508100","Tucuruí",34.7697931925456,"2020-08-09"
"1500107","Abaetetuba",35.0495681762695,"2020-08-02"
"1500800","Ananindeua",34.3499984741211,"2020-08-02"
"1501105","Bagre",35.0787268245921,"2020-08-02"
"1501204","Baião",35.2081851959229,"2020-08-02"
"1501303","Barcarena",34.8199640909831,"2020-08-02"
"1501402","Belém",33.5293502807617,"2020-08-02"
"1501501","Benevides",34.3917007446289,"2020-08-02"
"1501782","Breu Branco",35.0859881314364,"2020-08-02"
"1502103","Cametá",35.4287554423014,"2020-08-02"
"1503093","Goianésia do Pará",34.8947225110284,"2020-08-02"
"1503309","Igarapé-Miri",35.7223780314128,"2020-08-02"
"1503804","Jacundá",33.7686569213867,"2020-08-02"
"1504000","Limoeiro do Ajuru",34.7718978881836,"2020-08-02"
"1504422","Marituba",34.4402847290039,"2020-08-02"
"1504604","Mocajuba",35.5100784301758,"2020-08-02"
"1504703","Moju",36.0009573278293,"2020-08-02"
"1505064","Novo Repartimento",34.055527415702,"2020-08-02"
"1505205","Oeiras do Pará",35.2932793753488,"2020-08-02"
"1506351","Santa Bárbara do Pará",33.9506301879883,"2020-08-02"
"1507953","Tailândia",35.9169817837802,"2020-08-02"
"1508100","Tucuruí",33.6183802286784,"2020-08-02"
"1500107","Abaetetuba",33.8154067993164,"2020-07-26"
"1500800","Ananindeua",33.4224980672201,"2020-07-26"
"1501105","Bagre",34.6442848654354,"2020-07-26"
"1501204","Baião",34.6311368942261,"2020-07-26"
"1501303","Barcarena",33.7152226765951,"2020-07-26"
"1501402","Belém",32.8824234008789,"2020-07-26"
"1501501","Benevides",33.4919815063477,"2020-07-26"
"1501782","Breu Branco",35.1437033450965,"2020-07-26"
"1502103","Cametá",34.5253206888835,"2020-07-26"
"1503093","Goianésia do Pará",35.290070895491,"2020-07-26"
"1503309","Igarapé-Miri",34.5566431681315,"2020-07-26"
"1503804","Jacundá",34.3223475138346,"2020-07-26"
"1504000","Limoeiro do Ajuru",33.5958084106445,"2020-07-26"
"1504422","Marituba",33.5059585571289,"2020-07-26"
"1504604","Mocajuba",34.6141624450684,"2020-07-26"
"1504703","Moju",35.1463727279448,"2020-07-26"
"1505064","Novo Repartimento",34.4618183539166,"2020-07-26"
"1505205","Oeiras do Pará",34.6357007707868,"2020-07-26"
"1506351","Santa Bárbara do Pará",33.1413192749023,"2020-07-26"
"1507953","Tailândia",35.1822673913204,"2020-07-26"
"1508100","Tucuruí",33.9282641940647,"2020-07-26"
"1500107","Abaetetuba",32.7106796264648,"2020-07-19"
"1500800","Ananindeua",31.9732602437337,"2020-07-19"
"1501105","Bagre",33.450229027692,"2020-07-19"
"1501204","Baião",34.5095129013062,"2020-07-19"
"1501303","Barcarena",32.492062886556,"2020-07-19"
"1501402","Belém",31.5454196929932,"2020-07-19"
"1501501","Benevides",31.9380121231079,"2020-07-19"
"1501782","Breu Branco",34.9547930630771,"2020-07-19"
"1502103","Cametá",33.8297271728516,"2020-07-19"
"1503093","Goianésia do Pará",35.0286625829236,"2020-07-19"
"1503309","Igarapé-Miri",33.6015772501628,"2020-07-19"
"1503804","Jacundá",33.9764205932617,"2020-07-19"
"1504000","Limoeiro do Ajuru",32.5605697631836,"2020-07-19"
"1504422","Marituba",32.0021295547485,"2020-07-19"
"1504604","Mocajuba",34.3462944030762,"2020-07-19"
"1504703","Moju",34.6745159525267,"2020-07-19"
"1505064","Novo Repartimento",33.846168890232,"2020-07-19"
"1505205","Oeiras do Pará",33.6828493390764,"2020-07-19"
"1506351","Santa Bárbara do Pará",31.5982761383057,"2020-07-19"
"1507953","Tailândia",34.4465829097863,"2020-07-19"
"1508100","Tucuruí",33.6689020792643,"2020-07-19"
"1500107","Abaetetuba",32.5982498168945,"2020-07-12"
"1500800","Ananindeua",31.6155033111572,"2020-07-12"
"1501105","Bagre",33.5450318280388,"2020-07-12"
"1501204","Baião",33.8603019714355,"2020-07-12"
"1501303","Barcarena",32.210472424825,"2020-07-12"
"1501402","Belém",31.098123550415,"2020-07-12"
"1501501","Benevides",31.6997776031494,"2020-07-12"
"1501782","Breu Branco",34.1468383326675,"2020-07-12"
"1502103","Cametá",33.4189529418945,"2020-07-12"
"1503093","Goianésia do Pará",34.2689343156486,"2020-07-12"
"1503309","Igarapé-Miri",33.264811706543,"2020-07-12"
"1503804","Jacundá",33.6886032104492,"2020-07-12"
"1504000","Limoeiro do Ajuru",32.374479675293,"2020-07-12"
"1504422","Marituba",31.7192249298096,"2020-07-12"
"1504604","Mocajuba",33.7221565246582,"2020-07-12"
"1504703","Moju",34.0325279773121,"2020-07-12"
"1505064","Novo Repartimento",33.3974669696839,"2020-07-12"
"1505205","Oeiras do Pará",33.5418156215123,"2020-07-12"
"1506351","Santa Bárbara do Pará",31.2549228668213,"2020-07-12"
"1507953","Tailândia",34.0026806918058,"2020-07-12"
"1508100","Tucuruí",32.8752670288086,"2020-07-12"
"1500107","Abaetetuba",31.21711769104,"2020-07-05"
"1500800","Ananindeua",30.9121646881104,"2020-07-05"
"1501105","Bagre",31.9832685694975,"2020-07-05"
"1501204","Baião",33.0004034042358,"2020-07-05"
"1501303","Barcarena",31.1351922353109,"2020-07-05"
"1501402","Belém",30.3597354888916,"2020-07-05"
"1501501","Benevides",31.0683536529541,"2020-07-05"
"1501782","Breu Branco",34.0498960090406,"2020-07-05"
"1502103","Cametá",31.9486501216888,"2020-07-05"
"1503093","Goianésia do Pará",34.8152863074993,"2020-07-05"
"1503309","Igarapé-Miri",31.908513768514,"2020-07-05"
"1503804","Jacundá",34.0276351928711,"2020-07-05"
"1504000","Limoeiro do Ajuru",30.8575839996338,"2020-07-05"
"1504422","Marituba",31.0361423492432,"2020-07-05"
"1504604","Mocajuba",32.6704788208008,"2020-07-05"
"1504703","Moju",33.3205242425623,"2020-07-05"
"1505064","Novo Repartimento",33.5354168279384,"2020-07-05"
"1505205","Oeiras do Pará",31.890825339726,"2020-07-05"
"1506351","Santa Bárbara do Pará",30.6119327545166,"2020-07-05"
"1507953","Tailândia",34.0553845492276,"2020-07-05"
"1508100","Tucuruí",32.7497363620334,"2020-07-05"
"1500107","Abaetetuba",31.067248916626,"2020-06-28"
"1500800","Ananindeua",30.9555098215739,"2020-06-28"
"1501105","Bagre",31.2043722938089,"2020-06-28"
"1501204","Baião",31.9851104021072,"2020-06-28"
"1501303","Barcarena",31.0462640126546,"2020-06-28"
"1501402","Belém",30.4569644927979,"2020-06-28"
"1501501","Benevides",31.2359256744385,"2020-06-28"
"1501782","Breu Branco",33.3054418852835,"2020-06-28"
"1502103","Cametá",31.3133729298909,"2020-06-28"
"1503093","Goianésia do Pará",34.0902423200936,"2020-06-28"
"1503309","Igarapé-Miri",31.46066309611,"2020-06-28"
"1503804","Jacundá",33.7597457885742,"2020-06-28"
"1504000","Limoeiro do Ajuru",30.675647354126,"2020-06-28"
"1504422","Marituba",31.1557788848877,"2020-06-28"
"1504604","Mocajuba",31.6903550624847,"2020-06-28"
"1504703","Moju",32.361863337772,"2020-06-28"
"1505064","Novo Repartimento",32.9731309472061,"2020-06-28"
"1505205","Oeiras do Pará",31.2226690564837,"2020-06-28"
"1506351","Santa Bárbara do Pará",30.79905128479,"2020-06-28"
"1507953","Tailândia",33.1659867257783,"2020-06-28"
"1508100","Tucuruí",32.2440364625719,"2020-06-28"
"1500107","Abaetetuba",31.0686008453369,"2020-06-21"
"1500800","Ananindeua",30.7297407786051,"2020-06-21"
"1501105","Bagre",31.8400294920977,"2020-06-21"
"1501204","Baião",31.9518940448761,"2020-06-21"
"1501303","Barcarena",30.9415734608968,"2020-06-21"
"1501402","Belém",30.4450931549072,"2020-06-21"
"1501501","Benevides",30.781717300415,"2020-06-21"
"1501782","Breu Branco",32.598028125185,"2020-06-21"
"1502103","Cametá",31.7275727589925,"2020-06-21"
"1503093","Goianésia do Pará",33.4312838192644,"2020-06-21"
"1503309","Igarapé-Miri",31.5887311299642,"2020-06-21"
"1503804","Jacundá",32.7353483835856,"2020-06-21"
"1504000","Limoeiro do Ajuru",31.0341892242432,"2020-06-21"
"1504422","Marituba",30.7882175445557,"2020-06-21"
"1504604","Mocajuba",31.9127554893494,"2020-06-21"
"1504703","Moju",32.2213897167797,"2020-06-21"
"1505064","Novo Repartimento",32.0851891370324,"2020-06-21"
"1505205","Oeiras do Pará",31.8656563077654,"2020-06-21"
"1506351","Santa Bárbara do Pará",30.5508823394775,"2020-06-21"
"1507953","Tailândia",32.7563298543294,"2020-06-21"
"1508100","Tucuruí",31.3383731842041,"2020-06-21"
"1500107","Abaetetuba",30.2942081451416,"2020-06-14"
"1500800","Ananindeua",30.5395450592041,"2020-06-14"
"1501105","Bagre",31.0364825304817,"2020-06-14"
"1501204","Baião",31.4143381118774,"2020-06-14"
"1501303","Barcarena",30.4968560536702,"2020-06-14"
"1501402","Belém",30.2278690338135,"2020-06-14"
"1501501","Benevides",30.5669956207275,"2020-06-14"
"1501782","Breu Branco",31.7636029792554,"2020-06-14"
"1502103","Cametá",30.9597797393799,"2020-06-14"
"1503093","Goianésia do Pará",32.4264369504205,"2020-06-14"
"1503309","Igarapé-Miri",30.6904605865479,"2020-06-14"
"1503804","Jacundá",32.0401321411133,"2020-06-14"
"1504000","Limoeiro do Ajuru",30.3357944488525,"2020-06-14"
"1504422","Marituba",30.5731754302979,"2020-06-14"
"1504604","Mocajuba",31.1386127471924,"2020-06-14"
"1504703","Moju",31.1979235528221,"2020-06-14"
"1505064","Novo Repartimento",31.0003833150476,"2020-06-14"
"1505205","Oeiras do Pará",31.0293685368129,"2020-06-14"
"1506351","Santa Bárbara do Pará",30.3924808502197,"2020-06-14"
"1507953","Tailândia",31.4357436786998,"2020-06-14"
"1508100","Tucuruí",31.0309577518039,"2020-06-14"
"1500107","Abaetetuba",30.5273777008057,"2020-06-07"
"1500800","Ananindeua",30.7722314198812,"2020-06-07"
"1501105","Bagre",31.1739687078139,"2020-06-07"
"1501204","Baião",31.0312509536743,"2020-06-07"
"1501303","Barcarena",30.5717309315999,"2020-06-07"
"1501402","Belém",30.0378971099854,"2020-06-07"
"1501501","Benevides",30.9574680328369,"2020-06-07"
"1501782","Breu Branco",31.2557981664484,"2020-06-07"
"1502103","Cametá",31.0807565053304,"2020-06-07"
"1503093","Goianésia do Pará",31.6542628386925,"2020-06-07"
"1503309","Igarapé-Miri",30.8336124420166,"2020-06-07"
"1503804","Jacundá",31.3067956288656,"2020-06-07"
"1504000","Limoeiro do Ajuru",30.5360416412354,"2020-06-07"
"1504422","Marituba",30.9125995635986,"2020-06-07"
"1504604","Mocajuba",31.0968494415283,"2020-06-07"
"1504703","Moju",31.0739155890236,"2020-06-07"
"1505064","Novo Repartimento",30.594923050423,"2020-06-07"
"1505205","Oeiras do Pará",31.2284979139056,"2020-06-07"
"1506351","Santa Bárbara do Pará",30.5174808502197,"2020-06-07"
"1507953","Tailândia",30.9470684745095,"2020-06-07"
"1508100","Tucuruí",30.7425225575765,"2020-06-07"
"1500107","Abaetetuba",30.5525089263916,"2020-05-31"
"1500800","Ananindeua",30.572961807251,"2020-05-31"
"1501105","Bagre",30.7076385722441,"2020-05-31"
"1501204","Baião",30.6306858062744,"2020-05-31"
"1501303","Barcarena",30.6534112294515,"2020-05-31"
"1501402","Belém",29.9017581939697,"2020-05-31"
"1501501","Benevides",30.5904941558838,"2020-05-31"
"1501782","Breu Branco",30.6662410967278,"2020-05-31"
"1502103","Cametá",30.6926555633545,"2020-05-31"
"1503093","Goianésia do Pará",31.0709755338472,"2020-05-31"
"1503309","Igarapé-Miri",30.8040714263916,"2020-05-31"
"1503804","Jacundá",30.5454878489176,"2020-05-31"
"1504000","Limoeiro do Ajuru",30.2423526763916,"2020-05-31"
"1504422","Marituba",30.6390705108643,"2020-05-31"
"1504604","Mocajuba",30.6407718658447,"2020-05-31"
"1504703","Moju",30.7803197242844,"2020-05-31"
"1505064","Novo Repartimento",29.717817089422,"2020-05-31"
"1505205","Oeiras do Pará",30.693578175136,"2020-05-31"
"1506351","Santa Bárbara do Pará",30.1263828277588,"2020-05-31"
"1507953","Tailândia",30.6450859416615,"2020-05-31"
"1508100","Tucuruí",30.1886166466607,"2020-05-31"
"1500107","Abaetetuba",30.7262027740479,"2020-05-24"
"1500800","Ananindeua",30.7328230539958,"2020-05-24"
"1501105","Bagre",30.8725672329173,"2020-05-24"
"1501204","Baião",30.6931114196777,"2020-05-24"
"1501303","Barcarena",30.863733291626,"2020-05-24"
"1501402","Belém",30.5252933502197,"2020-05-24"
"1501501","Benevides",30.8056583404541,"2020-05-24"
"1501782","Breu Branco",30.6000207265218,"2020-05-24"
"1502103","Cametá",30.5957647959391,"2020-05-24"
"1503093","Goianésia do Pará",30.9290530106117,"2020-05-24"
"1503309","Igarapé-Miri",30.6105452219645,"2020-05-24"
"1503804","Jacundá",30.5869327545166,"2020-05-24"
"1504000","Limoeiro do Ajuru",30.3812564849854,"2020-05-24"
"1504422","Marituba",30.8050861358643,"2020-05-24"
"1504604","Mocajuba",30.5027370452881,"2020-05-24"
"1504703","Moju",30.7151664142877,"2020-05-24"
"1505064","Novo Repartimento",30.3734028979046,"2020-05-24"
"1505205","Oeiras do Pará",30.7777707236154,"2020-05-24"
"1506351","Santa Bárbara do Pará",30.6461734771729,"2020-05-24"
"1507953","Tailândia",30.6829166412354,"2020-05-24"
"1508100","Tucuruí",30.2377397749159,"2020-05-24"
"1500107","Abaetetuba",30.8867038726807,"2020-05-17"
"1500800","Ananindeua",30.8807621002197,"2020-05-17"
"1501105","Bagre",31.2047088847441,"2020-05-17"
"1501204","Baião",30.8555698394775,"2020-05-17"
"1501303","Barcarena",31.0065759023031,"2020-05-17"
"1501402","Belém",30.3890781402588,"2020-05-17"
"1501501","Benevides",30.9764804840088,"2020-05-17"
"1501782","Breu Branco",30.7050021200469,"2020-05-17"
"1502103","Cametá",31.1645832061768,"2020-05-17"
"1503093","Goianésia do Pará",31.0168841789509,"2020-05-17"
"1503309","Igarapé-Miri",31.1943505605062,"2020-05-17"
"1503804","Jacundá",30.8272647857666,"2020-05-17"
"1504000","Limoeiro do Ajuru",30.6053195953369,"2020-05-17"
"1504422","Marituba",30.98215675354,"2020-05-17"
"1504604","Mocajuba",31.0979480743408,"2020-05-17"
"1504703","Moju",31.1712456018152,"2020-05-17"
"1505064","Novo Repartimento",29.9468341455227,"2020-05-17"
"1505205","Oeiras do Pará",31.1906975337437,"2020-05-17"
"1506351","Santa Bárbara do Pará",30.6836338043213,"2020-05-17"
"1507953","Tailândia",31.0569095611572,"2020-05-17"
"1508100","Tucuruí",30.2308088938395,"2020-05-17"
"1500107","Abaetetuba",31.4557224273682,"2020-05-10"
"1500800","Ananindeua",31.1433455149333,"2020-05-10"
"1501105","Bagre",31.7864043291877,"2020-05-10"
"1501204","Baião",31.8285797834396,"2020-05-10"
"1501303","Barcarena",31.32590675354,"2020-05-10"
"1501402","Belém",30.5315494537354,"2020-05-10"
"1501501","Benevides",31.2636661529541,"2020-05-10"
"1501782","Breu Branco",32.0283312364058,"2020-05-10"
"1502103","Cametá",31.6087779998779,"2020-05-10"
"1503093","Goianésia do Pará",32.2859418474395,"2020-05-10"
"1503309","Igarapé-Miri",31.786714553833,"2020-05-10"
"1503804","Jacundá",31.9318499247233,"2020-05-10"
"1504000","Limoeiro do Ajuru",31.1357395172119,"2020-05-10"
"1504422","Marituba",31.2682056427002,"2020-05-10"
"1504604","Mocajuba",31.8416993618011,"2020-05-10"
"1504703","Moju",32.1093287938078,"2020-05-10"
"1505064","Novo Repartimento",31.1540517264265,"2020-05-10"
"1505205","Oeiras do Pará",31.6551434653146,"2020-05-10"
"1506351","Santa Bárbara do Pará",30.7772769927979,"2020-05-10"
"1507953","Tailândia",32.3897675022934,"2020-05-10"
"1508100","Tucuruí",31.2209737565782,"2020-05-10"
"1500107","Abaetetuba",31.0860263824463,"2020-05-03"
"1500800","Ananindeua",30.966272354126,"2020-05-03"
"1501105","Bagre",31.6817422754624,"2020-05-03"
"1501204","Baião",31.5598497390747,"2020-05-03"
"1501303","Barcarena",30.9142551422119,"2020-05-03"
"1501402","Belém",30.5366458892822,"2020-05-03"
"1501501","Benevides",31.0945377349854,"2020-05-03"
"1501782","Breu Branco",31.3564331170284,"2020-05-03"
"1502103","Cametá",31.2900562286377,"2020-05-03"
"1503093","Goianésia do Pará",31.556811168276,"2020-05-03"
"1503309","Igarapé-Miri",31.2206119537354,"2020-05-03"
"1503804","Jacundá",31.8511085510254,"2020-05-03"
"1504000","Limoeiro do Ajuru",30.7678623199463,"2020-05-03"
"1504422","Marituba",31.0681476593018,"2020-05-03"
"1504604","Mocajuba",31.4637241363525,"2020-05-03"
"1504703","Moju",31.5344718342096,"2020-05-03"
"1505064","Novo Repartimento",31.1143987236953,"2020-05-03"
"1505205","Oeiras do Pará",31.4390757424491,"2020-05-03"
"1506351","Santa Bárbara do Pará",30.833459854126,"2020-05-03"
"1507953","Tailândia",31.6717074423125,"2020-05-03"
"1508100","Tucuruí",31.109108183119,"2020-05-03"
"1500107","Abaetetuba",30.38557472229,"2020-04-26"
"1500800","Ananindeua",30.2940107981364,"2020-04-26"
"1501105","Bagre",31.0090149150175,"2020-04-26"
"1501204","Baião",31.3891067504883,"2020-04-26"
"1501303","Barcarena",30.2823886871338,"2020-04-26"
"1501402","Belém",29.9537754058838,"2020-04-26"
"1501501","Benevides",30.309549331665,"2020-04-26"
"1501782","Breu Branco",30.9618842963016,"2020-04-26"
"1502103","Cametá",30.5767815907796,"2020-04-26"
"1503093","Goianésia do Pará",30.9928336965627,"2020-04-26"
"1503309","Igarapé-Miri",30.6509240468343,"2020-04-26"
"1503804","Jacundá",30.8818078358968,"2020-04-26"
"1504000","Limoeiro do Ajuru",30.2003757476807,"2020-04-26"
"1504422","Marituba",30.3227024078369,"2020-04-26"
"1504604","Mocajuba",30.6499080657959,"2020-04-26"
"1504703","Moju",31.1369838177318,"2020-04-26"
"1505064","Novo Repartimento",30.4914029594359,"2020-04-26"
"1505205","Oeiras do Pará",30.7618307386126,"2020-04-26"
"1506351","Santa Bárbara do Pará",30.1444797515869,"2020-04-26"
"1507953","Tailândia",30.9095448002671,"2020-04-26"
"1508100","Tucuruí",30.2830702463786,"2020-04-26"
"1500107","Abaetetuba",30.0078372955322,"2020-04-19"
"1500800","Ananindeua",29.9188683827718,"2020-04-19"
"1501105","Bagre",29.9535088258631,"2020-04-19"
"1501204","Baião",30.0760555267334,"2020-04-19"
"1501303","Barcarena",30.0708357493083,"2020-04-19"
"1501402","Belém",29.2101993560791,"2020-04-19"
"1501501","Benevides",30.0684146881104,"2020-04-19"
"1501782","Breu Branco",29.7031895608613,"2020-04-19"
"1502103","Cametá",30.1426270802816,"2020-04-19"
"1503093","Goianésia do Pará",29.3923072157235,"2020-04-19"
"1503309","Igarapé-Miri",29.9640018463135,"2020-04-19"
"1503804","Jacundá",30.1320682525635,"2020-04-19"
"1504000","Limoeiro do Ajuru",29.8667057037354,"2020-04-19"
"1504422","Marituba",30.0795917510986,"2020-04-19"
"1504604","Mocajuba",29.9735698699951,"2020-04-19"
"1504703","Moju",29.7389709848753,"2020-04-19"
"1505064","Novo Repartimento",29.6518487542625,"2020-04-19"
"1505205","Oeiras do Pará",29.9361089978899,"2020-04-19"
"1506351","Santa Bárbara do Pará",29.6549625396729,"2020-04-19"
"1507953","Tailândia",29.7250289916992,"2020-04-19"
"1508100","Tucuruí",29.571017159356,"2020-04-19"
"1500107","Abaetetuba",30.6008792877197,"2020-04-12"
"1500800","Ananindeua",30.1118005116781,"2020-04-12"
"1501105","Bagre",31.0065833821016,"2020-04-12"
"1501204","Baião",30.7954225540161,"2020-04-12"
"1501303","Barcarena",30.1838779449463,"2020-04-12"
"1501402","Belém",29.5795230865479,"2020-04-12"
"1501501","Benevides",30.3030796051025,"2020-04-12"
"1501782","Breu Branco",30.7864748058897,"2020-04-12"
"1502103","Cametá",30.7758070627848,"2020-04-12"
"1503093","Goianésia do Pará",31.1166240429056,"2020-04-12"
"1503309","Igarapé-Miri",31.0220096588135,"2020-04-12"
"1503804","Jacundá",30.5302555084229,"2020-04-12"
"1504000","Limoeiro do Ajuru",30.271008682251,"2020-04-12"
"1504422","Marituba",30.2511157989502,"2020-04-12"
"1504604","Mocajuba",30.8861064910889,"2020-04-12"
"1504703","Moju",31.0227719965115,"2020-04-12"
"1505064","Novo Repartimento",30.2352064024142,"2020-04-12"
"1505205","Oeiras do Pará",30.6754703521729,"2020-04-12"
"1506351","Santa Bárbara do Pará",29.951639175415,"2020-04-12"
"1507953","Tailândia",31.1185994581743,"2020-04-12"
"1508100","Tucuruí",30.3019589318169,"2020-04-12"
"1500107","Abaetetuba",31.1331241607666,"2020-04-05"
"1500800","Ananindeua",31.3101037343343,"2020-04-05"
"1501105","Bagre",32.1695583006915,"2020-04-05"
"1501204","Baião",31.9700747132301,"2020-04-05"
"1501303","Barcarena",30.9247531890869,"2020-04-05"
"1501402","Belém",30.3270969390869,"2020-04-05"
"1501501","Benevides",31.7390232086182,"2020-04-05"
"1501782","Breu Branco",31.7056039174398,"2020-04-05"
"1502103","Cametá",31.9973254203796,"2020-04-05"
"1503093","Goianésia do Pará",31.9666583620269,"2020-04-05"
"1503309","Igarapé-Miri",31.8253880818685,"2020-04-05"
"1503804","Jacundá",31.7189355214437,"2020-04-05"
"1504000","Limoeiro do Ajuru",31.0784824371338,"2020-04-05"
"1504422","Marituba",31.6163806915283,"2020-04-05"
"1504604","Mocajuba",32.279296875,"2020-04-05"
"1504703","Moju",32.0924171931307,"2020-04-05"
"1505064","Novo Repartimento",31.267682067747,"2020-04-05"
"1505205","Oeiras do Pará",32.1771309716361,"2020-04-05"
"1506351","Santa Bárbara do Pará",30.9271793365479,"2020-04-05"
"1507953","Tailândia",32.1378539114287,"2020-04-05"
"1508100","Tucuruí",31.2789249420166,"2020-04-05"
"1500107","Abaetetuba",30.8397525787354,"2020-03-29"
"1500800","Ananindeua",31.162317276001,"2020-03-29"
"1501105","Bagre",31.0441182080437,"2020-03-29"
"1501204","Baião",31.2128582000732,"2020-03-29"
"1501303","Barcarena",30.6913903554281,"2020-03-29"
"1501402","Belém",30.2985324859619,"2020-03-29"
"1501501","Benevides",31.397424697876,"2020-03-29"
"1501782","Breu Branco",31.6724828662294,"2020-03-29"
"1502103","Cametá",31.089396794637,"2020-03-29"
"1503093","Goianésia do Pará",32.0510151961754,"2020-03-29"
"1503309","Igarapé-Miri",31.0509667714437,"2020-03-29"
"1503804","Jacundá",31.4707564036051,"2020-03-29"
"1504000","Limoeiro do Ajuru",30.315115737915,"2020-03-29"
"1504422","Marituba",31.3244647979736,"2020-03-29"
"1504604","Mocajuba",31.0928211212158,"2020-03-29"
"1504703","Moju",31.5568019437118,"2020-03-29"
"1505064","Novo Repartimento",31.2861413568016,"2020-03-29"
"1505205","Oeiras do Pará",30.9868106842041,"2020-03-29"
"1506351","Santa Bárbara do Pará",30.9237461090088,"2020-03-29"
"1507953","Tailândia",32.0262577172482,"2020-03-29"
"1508100","Tucuruí",31.1546505822076,"2020-03-29"
"1500107","Abaetetuba",30.9501529693604,"2020-03-22"
"1500800","Ananindeua",30.6733544667562,"2020-03-22"
"1501105","Bagre",31.8832576976103,"2020-03-22"
"1501204","Baião",31.501708984375,"2020-03-22"
"1501303","Barcarena",30.8791497548421,"2020-03-22"
"1501402","Belém",29.6019077301025,"2020-03-22"
"1501501","Benevides",30.9471378326416,"2020-03-22"
"1501782","Breu Branco",31.6253804293546,"2020-03-22"
"1502103","Cametá",31.2134062449137,"2020-03-22"
"1503093","Goianésia do Pará",31.9862401567656,"2020-03-22"
"1503309","Igarapé-Miri",31.0997908274333,"2020-03-22"
"1503804","Jacundá",31.1687747955322,"2020-03-22"
"1504000","Limoeiro do Ajuru",31.0114719390869,"2020-03-22"
"1504422","Marituba",30.9055728912354,"2020-03-22"
"1504604","Mocajuba",31.3878917694092,"2020-03-22"
"1504703","Moju",31.8743238852058,"2020-03-22"
"1505064","Novo Repartimento",31.1603433097281,"2020-03-22"
"1505205","Oeiras do Pará",31.6347130366734,"2020-03-22"
"1506351","Santa Bárbara do Pará",30.1885623931885,"2020-03-22"
"1507953","Tailândia",32.5947845921372,"2020-03-22"
"1508100","Tucuruí",31.1246941884359,"2020-03-22"
"1500107","Abaetetuba",30.8700595855713,"2020-03-15"
"1500800","Ananindeua",30.0025374094645,"2020-03-15"
"1501105","Bagre",31.117977030137,"2020-03-15"
"1501204","Baião",31.5398397445679,"2020-03-15"
"1501303","Barcarena",30.4544061024984,"2020-03-15"
"1501402","Belém",28.9143314361572,"2020-03-15"
"1501501","Benevides",30.39768409729,"2020-03-15"
"1501782","Breu Branco",31.8391113859234,"2020-03-15"
"1502103","Cametá",31.1011219024658,"2020-03-15"
"1503093","Goianésia do Pará",31.9959303428387,"2020-03-15"
"1503309","Igarapé-Miri",31.4300599416097,"2020-03-15"
"1503804","Jacundá",31.5122094472249,"2020-03-15"
"1504000","Limoeiro do Ajuru",30.3827121734619,"2020-03-15"
"1504422","Marituba",30.3305759429932,"2020-03-15"
"1504604","Mocajuba",31.5937666893005,"2020-03-15"
"1504703","Moju",32.0678174730758,"2020-03-15"
"1505064","Novo Repartimento",31.3161560771911,"2020-03-15"
"1505205","Oeiras do Pará",31.0629171643938,"2020-03-15"
"1506351","Santa Bárbara do Pará",29.4204807281494,"2020-03-15"
"1507953","Tailândia",32.2927049579042,"2020-03-15"
"1508100","Tucuruí",31.1348463694255,"2020-03-15"
"1500107","Abaetetuba",29.8511081695557,"2020-03-08"
"1500800","Ananindeua",29.0246016184489,"2020-03-08"
"1501105","Bagre",31.0410574744729,"2020-03-08"
"1501204","Baião",30.8745527267456,"2020-03-08"
"1501303","Barcarena",29.1858107248942,"2020-03-08"
"1501402","Belém",28.15793800354,"2020-03-08"
"1501501","Benevides",29.1446781158447,"2020-03-08"
"1501782","Breu Branco",30.5745237523859,"2020-03-08"
"1502103","Cametá",30.5922743479411,"2020-03-08"
"1503093","Goianésia do Pará",30.7261963219478,"2020-03-08"
"1503309","Igarapé-Miri",30.3676130930583,"2020-03-08"
"1503804","Jacundá",29.7100203196208,"2020-03-08"
"1504000","Limoeiro do Ajuru",30.1557498931885,"2020-03-08"
"1504422","Marituba",29.1373157501221,"2020-03-08"
"1504604","Mocajuba",30.9029674530029,"2020-03-08"
"1504703","Moju",30.8567477750107,"2020-03-08"
"1505064","Novo Repartimento",29.9742409155621,"2020-03-08"
"1505205","Oeiras do Pará",31.0264868055071,"2020-03-08"
"1506351","Santa Bárbara do Pará",28.5450077056885,"2020-03-08"
"1507953","Tailândia",30.8269864284631,"2020-03-08"
"1508100","Tucuruí",30.2046349843343,"2020-03-08"
"1500107","Abaetetuba",31.1150333404541,"2020-03-01"
"1500800","Ananindeua",31.0197289784749,"2020-03-01"
"1501105","Bagre",30.7120268204633,"2020-03-01"
"1501204","Baião",31.4587335586548,"2020-03-01"
"1501303","Barcarena",30.986530939738,"2020-03-01"
"1501402","Belém",30.072961807251,"2020-03-01"
"1501501","Benevides",31.3272800445557,"2020-03-01"
"1501782","Breu Branco",31.4314635883678,"2020-03-01"
"1502103","Cametá",30.8296515146891,"2020-03-01"
"1503093","Goianésia do Pará",31.4023276690779,"2020-03-01"
"1503309","Igarapé-Miri",31.2602826436361,"2020-03-01"
"1503804","Jacundá",30.1437422434489,"2020-03-01"
"1504000","Limoeiro do Ajuru",30.3207981109619,"2020-03-01"
"1504422","Marituba",31.2447986602783,"2020-03-01"
"1504604","Mocajuba",31.4084568023682,"2020-03-01"
"1504703","Moju",32.0654010504064,"2020-03-01"
"1505064","Novo Repartimento",30.6195752988986,"2020-03-01"
"1505205","Oeiras do Pará",30.6821177346366,"2020-03-01"
"1506351","Santa Bárbara do Pará",30.7375736236572,"2020-03-01"
"1507953","Tailândia",32.7002477934866,"2020-03-01"
"1508100","Tucuruí",30.7767327626546,"2020-03-01"
"1500107","Abaetetuba",31.4378969192505,"2020-02-23"
"1500800","Ananindeua",31.1325117746989,"2020-02-23"
"1501105","Bagre",31.5107497046976,"2020-02-23"
"1501204","Baião",32.6051521897316,"2020-02-23"
"1501303","Barcarena",31.2490584055583,"2020-02-23"
"1501402","Belém",30.4741764068604,"2020-02-23"
"1501501","Benevides",31.4621067047119,"2020-02-23"
"1501782","Breu Branco",32.3950753645463,"2020-02-23"
"1502103","Cametá",31.4296003182729,"2020-02-23"
"1503093","Goianésia do Pará",31.4993748171576,"2020-02-23"
"1503309","Igarapé-Miri",31.5938050587972,"2020-02-23"
"1503804","Jacundá",31.0640669504801,"2020-02-23"
"1504000","Limoeiro do Ajuru",30.8194583892822,"2020-02-23"
"1504422","Marituba",31.3615283966064,"2020-02-23"
"1504604","Mocajuba",31.9397444725037,"2020-02-23"
"1504703","Moju",32.349370177363,"2020-02-23"
"1505064","Novo Repartimento",31.5859178682653,"2020-02-23"
"1505205","Oeiras do Pará",31.2513446807861,"2020-02-23"
"1506351","Santa Bárbara do Pará",30.7380313873291,"2020-02-23"
"1507953","Tailândia",32.7101512677742,"2020-02-23"
"1508100","Tucuruí",32.0774332682292,"2020-02-23"
"1500107","Abaetetuba",29.7837162017822,"2020-02-16"
"1500800","Ananindeua",29.8602542877197,"2020-02-16"
"1501105","Bagre",31.3417872821583,"2020-02-16"
"1501204","Baião",30.3289995193481,"2020-02-16"
"1501303","Barcarena",29.6180311838786,"2020-02-16"
"1501402","Belém",28.6755313873291,"2020-02-16"
"1501501","Benevides",29.9686679840088,"2020-02-16"
"1501782","Breu Branco",30.366780425563,"2020-02-16"
"1502103","Cametá",30.4995072682699,"2020-02-16"
"1503093","Goianésia do Pará",30.6173216392254,"2020-02-16"
"1503309","Igarapé-Miri",30.2448144276937,"2020-02-16"
"1503804","Jacundá",29.8556196848551,"2020-02-16"
"1504000","Limoeiro do Ajuru",29.5869144439697,"2020-02-16"
"1504422","Marituba",29.9902210235596,"2020-02-16"
"1504604","Mocajuba",30.4884357452393,"2020-02-16"
"1504703","Moju",30.808225255617,"2020-02-16"
"1505064","Novo Repartimento",30.1761434756643,"2020-02-16"
"1505205","Oeiras do Pará",31.0478556496756,"2020-02-16"
"1506351","Santa Bárbara do Pará",29.133996963501,"2020-02-16"
"1507953","Tailândia",31.4864823890455,"2020-02-16"
"1508100","Tucuruí",29.9164252811008,"2020-02-16"
"1500107","Abaetetuba",30.216858291626,"2020-02-09"
"1500800","Ananindeua",30.1998742421468,"2020-02-09"
"1501105","Bagre",30.3232238993925,"2020-02-09"
"1501204","Baião",30.8092765808105,"2020-02-09"
"1501303","Barcarena",30.2482140858968,"2020-02-09"
"1501402","Belém",29.0765323638916,"2020-02-09"
"1501501","Benevides",30.7158298492432,"2020-02-09"
"1501782","Breu Branco",31.0330004258589,"2020-02-09"
"1502103","Cametá",30.0868892669678,"2020-02-09"
"1503093","Goianésia do Pará",31.1634385339145,"2020-02-09"
"1503309","Igarapé-Miri",30.5762393951416,"2020-02-09"
"1503804","Jacundá",30.4284325917562,"2020-02-09"
"1504000","Limoeiro do Ajuru",29.8994449615479,"2020-02-09"
"1504422","Marituba",30.6052341461182,"2020-02-09"
"1504604","Mocajuba",30.1479549407959,"2020-02-09"
"1504703","Moju",31.1647538467192,"2020-02-09"
"1505064","Novo Repartimento",30.4838852145808,"2020-02-09"
"1505205","Oeiras do Pará",29.9844444819859,"2020-02-09"
"1506351","Santa Bárbara do Pará",29.7666568756104,"2020-02-09"
"1507953","Tailândia",31.7918975136497,"2020-02-09"
"1508100","Tucuruí",30.3453447553847,"2020-02-09"
"1500107","Abaetetuba",29.841711807251,"2020-02-02"
"1500800","Ananindeua",29.7781213124593,"2020-02-02"
"1501105","Bagre",30.5413348254035,"2020-02-02"
"1501204","Baião",30.1804714202881,"2020-02-02"
"1501303","Barcarena",29.5624383290609,"2020-02-02"
"1501402","Belém",28.6868381500244,"2020-02-02"
"1501501","Benevides",30.3148136138916,"2020-02-02"
"1501782","Breu Branco",30.385911247947,"2020-02-02"
"1502103","Cametá",30.2584730784098,"2020-02-02"
"1503093","Goianésia do Pará",30.4952593178585,"2020-02-02"
"1503309","Igarapé-Miri",30.197034072876,"2020-02-02"
"1503804","Jacundá",29.8934085845947,"2020-02-02"
"1504000","Limoeiro do Ajuru",29.986438369751,"2020-02-02"
"1504422","Marituba",30.1739673614502,"2020-02-02"
"1504604","Mocajuba",30.1414203643799,"2020-02-02"
"1504703","Moju",30.825999380837,"2020-02-02"
"1505064","Novo Repartimento",29.8715663847885,"2020-02-02"
"1505205","Oeiras do Pará",30.4012481144496,"2020-02-02"
"1506351","Santa Bárbara do Pará",29.3051242828369,"2020-02-02"
"1507953","Tailândia",30.9999887293035,"2020-02-02"
"1508100","Tucuruí",30.0545936160617,"2020-02-02"
"1500107","Abaetetuba",30.9698551177979,"2020-01-26"
"1500800","Ananindeua",30.8382205963135,"2020-01-26"
"1501105","Bagre",31.4927050646614,"2020-01-26"
"1501204","Baião",31.2701845169067,"2020-01-26"
"1501303","Barcarena",30.9120222727458,"2020-01-26"
"1501402","Belém",29.8089542388916,"2020-01-26"
"1501501","Benevides",31.2376194000244,"2020-01-26"
"1501782","Breu Branco",31.2081195368911,"2020-01-26"
"1502103","Cametá",30.8799750010173,"2020-01-26"
"1503093","Goianésia do Pará",31.5256747541756,"2020-01-26"
"1503309","Igarapé-Miri",31.1697147369385,"2020-01-26"
"1503804","Jacundá",31.0816471099854,"2020-01-26"
"1504000","Limoeiro do Ajuru",30.657873916626,"2020-01-26"
"1504422","Marituba",31.1128559112549,"2020-01-26"
"1504604","Mocajuba",31.1631946563721,"2020-01-26"
"1504703","Moju",31.765326943196,"2020-01-26"
"1505064","Novo Repartimento",31.0874826384754,"2020-01-26"
"1505205","Oeiras do Pará",31.167686189924,"2020-01-26"
"1506351","Santa Bárbara do Pará",30.4536533355713,"2020-01-26"
"1507953","Tailândia",32.108228336681,"2020-01-26"
"1508100","Tucuruí",30.5199680328369,"2020-01-26"
"1500107","Abaetetuba",30.1706302642822,"2020-01-19"
"1500800","Ananindeua",29.7109521230062,"2020-01-19"
"1501105","Bagre",31.4774955861709,"2020-01-19"
"1501204","Baião",31.0561494827271,"2020-01-19"
"1501303","Barcarena",29.8558241526286,"2020-01-19"
"1501402","Belém",28.8616428375244,"2020-01-19"
"1501501","Benevides",30.0117435455322,"2020-01-19"
"1501782","Breu Branco",31.1192375529896,"2020-01-19"
"1502103","Cametá",30.7127768198649,"2020-01-19"
"1503093","Goianésia do Pará",31.2745314630969,"2020-01-19"
"1503309","Igarapé-Miri",30.8357466379801,"2020-01-19"
"1503804","Jacundá",30.7507511138916,"2020-01-19"
"1504000","Limoeiro do Ajuru",30.3440280914307,"2020-01-19"
"1504422","Marituba",29.929178237915,"2020-01-19"
"1504604","Mocajuba",30.9826488494873,"2020-01-19"
"1504703","Moju",31.2044917093196,"2020-01-19"
"1505064","Novo Repartimento",30.9274574682965,"2020-01-19"
"1505205","Oeiras do Pará",31.1793580736433,"2020-01-19"
"1506351","Santa Bárbara do Pará",29.2804050445557,"2020-01-19"
"1507953","Tailândia",31.3397862405488,"2020-01-19"
"1508100","Tucuruí",30.9849202897814,"2020-01-19"
"1500107","Abaetetuba",30.3776920318604,"2020-01-12"
"1500800","Ananindeua",31.0690046946208,"2020-01-12"
"1501105","Bagre",30.861966862398,"2020-01-12"
"1501204","Baião",30.9117870330811,"2020-01-12"
"1501303","Barcarena",30.6526635487874,"2020-01-12"
"1501402","Belém",30.2258853912354,"2020-01-12"
"1501501","Benevides",31.3882541656494,"2020-01-12"
"1501782","Breu Branco",31.0959507335316,"2020-01-12"
"1502103","Cametá",30.5196908315023,"2020-01-12"
"1503093","Goianésia do Pará",31.5941780682268,"2020-01-12"
"1503309","Igarapé-Miri",30.2819360097249,"2020-01-12"
"1503804","Jacundá",31.1788557688395,"2020-01-12"
"1504000","Limoeiro do Ajuru",30.6641605377197,"2020-01-12"
"1504422","Marituba",31.2757358551025,"2020-01-12"
"1504604","Mocajuba",30.3357906341553,"2020-01-12"
"1504703","Moju",31.1881333472024,"2020-01-12"
"1505064","Novo Repartimento",30.5123402510232,"2020-01-12"
"1505205","Oeiras do Pará",30.9135575975691,"2020-01-12"
"1506351","Santa Bárbara do Pará",30.9241275787354,"2020-01-12"
"1507953","Tailândia",31.8502060861299,"2020-01-12"
"1508100","Tucuruí",30.5455926259359,"2020-01-12"
"1500107","Abaetetuba",29.6959812164307,"2020-01-05"
"1500800","Ananindeua",29.4184716542562,"2020-01-05"
"1501105","Bagre",30.6514853309183,"2020-01-05"
"1501204","Baião",30.2391042709351,"2020-01-05"
"1501303","Barcarena",29.6493981679281,"2020-01-05"
"1501402","Belém",28.975061416626,"2020-01-05"
"1501501","Benevides",29.5684909820557,"2020-01-05"
"1501782","Breu Branco",30.2445473526463,"2020-01-05"
"1502103","Cametá",30.0977204640706,"2020-01-05"
"1503093","Goianésia do Pará",30.6582905341839,"2020-01-05"
"1503309","Igarapé-Miri",29.9261803944906,"2020-01-05"
"1503804","Jacundá",29.4984439849854,"2020-01-05"
"1504000","Limoeiro do Ajuru",30.0934177398682,"2020-01-05"
"1504422","Marituba",29.5333347320557,"2020-01-05"
"1504604","Mocajuba",30.0955677032471,"2020-01-05"
"1504703","Moju",30.5555586210439,"2020-01-05"
"1505064","Novo Repartimento",29.7432186312792,"2020-01-05"
"1505205","Oeiras do Pará",30.5561433519636,"2020-01-05"
"1506351","Santa Bárbara do Pará",29.1805820465088,"2020-01-05"
"1507953","Tailândia",31.5399621327718,"2020-01-05"
"1508100","Tucuruí",29.8181247711182,"2020-01-05"
