"cd_mun","nm_mun","precipitation","date"
"1500107","Abaetetuba",21.7457904815674,"2020-12-27"
"1500800","Ananindeua",15.4680500030518,"2020-12-27"
"1501105","Bagre",26.0622615814209,"2020-12-27"
"1501204","Baião",17.8190593719482,"2020-12-27"
"1501303","Barcarena",13.8210859298706,"2020-12-27"
"1501402","Belém",14.9400157928467,"2020-12-27"
"1501501","Benevides",13.2092370986938,"2020-12-27"
"1501782","Breu Branco",21.9637107849121,"2020-12-27"
"1502103","Cametá",32.2142791748047,"2020-12-27"
"1503093","Goianésia do Pará",24.1428985595703,"2020-12-27"
"1503309","Igarapé-Miri",34.7454872131348,"2020-12-27"
"1503804","Jacundá",18.5049209594727,"2020-12-27"
"1504000","Limoeiro do Ajuru",24.9349498748779,"2020-12-27"
"1504422","Marituba",15.4680500030518,"2020-12-27"
"1504604","Mocajuba",31.4389915466309,"2020-12-27"
"1504703","Moju",31.8245410919189,"2020-12-27"
"1505064","Novo Repartimento",22.1557350158691,"2020-12-27"
"1505205","Oeiras do Pará",25.8569145202637,"2020-12-27"
"1506351","Santa Bárbara do Pará",13.4648723602295,"2020-12-27"
"1507953","Tailândia",21.3057613372803,"2020-12-27"
"1508100","Tucuruí",16.5249729156494,"2020-12-27"
"1500107","Abaetetuba",9.64889907836914,"2020-12-20"
"1500800","Ananindeua",8.17961406707764,"2020-12-20"
"1501105","Bagre",18.7557754516602,"2020-12-20"
"1501204","Baião",9.44284057617188,"2020-12-20"
"1501303","Barcarena",8.01387214660645,"2020-12-20"
"1501402","Belém",6.41916084289551,"2020-12-20"
"1501501","Benevides",10.5134468078613,"2020-12-20"
"1501782","Breu Branco",17.2909698486328,"2020-12-20"
"1502103","Cametá",8.99936771392822,"2020-12-20"
"1503093","Goianésia do Pará",19.6651210784912,"2020-12-20"
"1503309","Igarapé-Miri",7.85708904266357,"2020-12-20"
"1503804","Jacundá",19.6248035430908,"2020-12-20"
"1504000","Limoeiro do Ajuru",6.18622541427612,"2020-12-20"
"1504422","Marituba",10.5134468078613,"2020-12-20"
"1504604","Mocajuba",7.69582557678223,"2020-12-20"
"1504703","Moju",13.5416069030762,"2020-12-20"
"1505064","Novo Repartimento",16.2606792449951,"2020-12-20"
"1505205","Oeiras do Pará",10.9569206237793,"2020-12-20"
"1506351","Santa Bárbara do Pará",10.4596929550171,"2020-12-20"
"1507953","Tailândia",15.7410535812378,"2020-12-20"
"1508100","Tucuruí",11.6646862030029,"2020-12-20"
"1500107","Abaetetuba",10.2133188247681,"2020-12-13"
"1500800","Ananindeua",18.2003135681152,"2020-12-13"
"1501105","Bagre",21.3091049194336,"2020-12-13"
"1501204","Baião",23.6698150634766,"2020-12-13"
"1501303","Barcarena",13.3131523132324,"2020-12-13"
"1501402","Belém",13.0712566375732,"2020-12-13"
"1501501","Benevides",15.7948083877563,"2020-12-13"
"1501782","Breu Branco",19.6203231811523,"2020-12-13"
"1502103","Cametá",21.725700378418,"2020-12-13"
"1503093","Goianésia do Pará",15.9695091247559,"2020-12-13"
"1503309","Igarapé-Miri",19.9876441955566,"2020-12-13"
"1503804","Jacundá",19.5620899200439,"2020-12-13"
"1504000","Limoeiro do Ajuru",10.1595649719238,"2020-12-13"
"1504422","Marituba",18.2003135681152,"2020-12-13"
"1504604","Mocajuba",22.0079116821289,"2020-12-13"
"1504703","Moju",19.8756561279297,"2020-12-13"
"1505064","Novo Repartimento",18.845365524292,"2020-12-13"
"1505205","Oeiras do Pará",23.9385871887207,"2020-12-13"
"1506351","Santa Bárbara do Pará",17.2103385925293,"2020-12-13"
"1507953","Tailândia",17.8374729156494,"2020-12-13"
"1508100","Tucuruí",18.5004425048828,"2020-12-13"
"1500107","Abaetetuba",12.5157957077026,"2020-12-06"
"1500800","Ananindeua",10.6433534622192,"2020-12-06"
"1501105","Bagre",15.9023180007935,"2020-12-06"
"1501204","Baião",19.8890953063965,"2020-12-06"
"1501303","Barcarena",10.862850189209,"2020-12-06"
"1501402","Belém",9.08895778656006,"2020-12-06"
"1501501","Benevides",10.9793176651001,"2020-12-06"
"1501782","Breu Branco",15.9336738586426,"2020-12-06"
"1502103","Cametá",15.1855936050415,"2020-12-06"
"1503093","Goianésia do Pará",13.0981349945068,"2020-12-06"
"1503309","Igarapé-Miri",13.5505657196045,"2020-12-06"
"1503804","Jacundá",10.0296583175659,"2020-12-06"
"1504000","Limoeiro do Ajuru",14.8630676269531,"2020-12-06"
"1504422","Marituba",10.9793176651001,"2020-12-06"
"1504604","Mocajuba",15.266224861145,"2020-12-06"
"1504703","Moju",20.0503578186035,"2020-12-06"
"1505064","Novo Repartimento",16.0411834716797,"2020-12-06"
"1505205","Oeiras do Pará",14.8720264434814,"2020-12-06"
"1506351","Santa Bárbara do Pará",10.2043609619141,"2020-12-06"
"1507953","Tailândia",15.6738605499268,"2020-12-06"
"1508100","Tucuruí",16.9012508392334,"2020-12-06"
"1500107","Abaetetuba",7.67325305938721,"2020-11-29"
"1500800","Ananindeua",5.55600643157959,"2020-11-29"
"1501105","Bagre",14.3837585449219,"2020-11-29"
"1501204","Baião",7.11860084533691,"2020-11-29"
"1501303","Barcarena",6.99610090255737,"2020-11-29"
"1501402","Belém",5.44166421890259,"2020-11-29"
"1501501","Benevides",4.74521446228027,"2020-11-29"
"1501782","Breu Branco",4.501868724823,"2020-11-29"
"1502103","Cametá",11.123664855957,"2020-11-29"
"1503093","Goianésia do Pará",5.04394626617432,"2020-11-29"
"1503309","Igarapé-Miri",8.85741806030273,"2020-11-29"
"1503804","Jacundá",4.53775978088379,"2020-11-29"
"1504000","Limoeiro do Ajuru",9.2963752746582,"2020-11-29"
"1504422","Marituba",5.24936056137085,"2020-11-29"
"1504604","Mocajuba",7.93186378479004,"2020-11-29"
"1504703","Moju",7.9284610748291,"2020-11-29"
"1505064","Novo Repartimento",4.98506259918213,"2020-11-29"
"1505205","Oeiras do Pará",11.2801923751831,"2020-11-29"
"1506351","Santa Bárbara do Pará",5.04146575927734,"2020-11-29"
"1507953","Tailândia",7.05054521560669,"2020-11-29"
"1508100","Tucuruí",6.83575677871704,"2020-11-29"
"1500107","Abaetetuba",52.6703186035156,"2020-11-22"
"1500800","Ananindeua",41.984489440918,"2020-11-22"
"1501105","Bagre",38.0292778015137,"2020-11-22"
"1501204","Baião",24.7083778381348,"2020-11-22"
"1501303","Barcarena",54.8012466430664,"2020-11-22"
"1501402","Belém",33.9961090087891,"2020-11-22"
"1501501","Benevides",39.2714538574219,"2020-11-22"
"1501782","Breu Branco",25.9713439941406,"2020-11-22"
"1502103","Cametá",24.4952850341797,"2020-11-22"
"1503093","Goianésia do Pará",28.8714847564697,"2020-11-22"
"1503309","Igarapé-Miri",49.988468170166,"2020-11-22"
"1503804","Jacundá",30.2487926483154,"2020-11-22"
"1504000","Limoeiro do Ajuru",65.8976669311523,"2020-11-22"
"1504422","Marituba",41.984489440918,"2020-11-22"
"1504604","Mocajuba",25.0462093353271,"2020-11-22"
"1504703","Moju",66.0847702026367,"2020-11-22"
"1505064","Novo Repartimento",37.5407257080078,"2020-11-22"
"1505205","Oeiras do Pará",21.9485645294189,"2020-11-22"
"1506351","Santa Bárbara do Pará",29.890172958374,"2020-11-22"
"1507953","Tailândia",56.3500671386719,"2020-11-22"
"1508100","Tucuruí",24.8539047241211,"2020-11-22"
"1500107","Abaetetuba",17.6711158752441,"2020-11-15"
"1500800","Ananindeua",13.7314968109131,"2020-11-15"
"1501105","Bagre",18.6638164520264,"2020-11-15"
"1501204","Baião",30.6905689239502,"2020-11-15"
"1501303","Barcarena",15.4050550460815,"2020-11-15"
"1501402","Belém",11.475830078125,"2020-11-15"
"1501501","Benevides",10.3168134689331,"2020-11-15"
"1501782","Breu Branco",46.3502960205078,"2020-11-15"
"1502103","Cametá",11.9331998825073,"2020-11-15"
"1503093","Goianésia do Pará",59.9102783203125,"2020-11-15"
"1503309","Igarapé-Miri",12.5153074264526,"2020-11-15"
"1503804","Jacundá",86.6612243652344,"2020-11-15"
"1504000","Limoeiro do Ajuru",15.831241607666,"2020-11-15"
"1504422","Marituba",12.2502412796021,"2020-11-15"
"1504604","Mocajuba",13.0506381988525,"2020-11-15"
"1504703","Moju",22.7073841094971,"2020-11-15"
"1505064","Novo Repartimento",145.017486572266,"2020-11-15"
"1505205","Oeiras do Pará",10.6806297302246,"2020-11-15"
"1506351","Santa Bárbara do Pará",11.642147064209,"2020-11-15"
"1507953","Tailândia",17.9673671722412,"2020-11-15"
"1508100","Tucuruí",45.0405540466309,"2020-11-15"
"1500107","Abaetetuba",16.2834129333496,"2020-11-08"
"1500800","Ananindeua",19.5993461608887,"2020-11-08"
"1501105","Bagre",16.0859127044678,"2020-11-08"
"1501204","Baião",14.3551826477051,"2020-11-08"
"1501303","Barcarena",16.2522296905518,"2020-11-08"
"1501402","Belém",17.9933528900146,"2020-11-08"
"1501501","Benevides",21.1377716064453,"2020-11-08"
"1501782","Breu Branco",13.0090589523315,"2020-11-08"
"1502103","Cametá",18.8665142059326,"2020-11-08"
"1503093","Goianésia do Pará",14.3551826477051,"2020-11-08"
"1503309","Igarapé-Miri",18.3779602050781,"2020-11-08"
"1503804","Jacundá",11.6733312606812,"2020-11-08"
"1504000","Limoeiro do Ajuru",14.9632778167725,"2020-11-08"
"1504422","Marituba",21.1377716064453,"2020-11-08"
"1504604","Mocajuba",17.9205913543701,"2020-11-08"
"1504703","Moju",21.3404712677002,"2020-11-08"
"1505064","Novo Repartimento",16.3094005584717,"2020-11-08"
"1505205","Oeiras do Pará",16.5900592803955,"2020-11-08"
"1506351","Santa Bárbara do Pará",21.4288272857666,"2020-11-08"
"1507953","Tailândia",15.1867647171021,"2020-11-08"
"1508100","Tucuruí",15.6857128143311,"2020-11-08"
"1500107","Abaetetuba",16.3613739013672,"2020-11-01"
"1500800","Ananindeua",15.3478832244873,"2020-11-01"
"1501105","Bagre",22.4371204376221,"2020-11-01"
"1501204","Baião",29.6614875793457,"2020-11-01"
"1501303","Barcarena",17.3228912353516,"2020-11-01"
"1501402","Belém",8.32101631164551,"2020-11-01"
"1501501","Benevides",15.9715690612793,"2020-11-01"
"1501782","Breu Branco",59.0631065368652,"2020-11-01"
"1502103","Cametá",20.8155345916748,"2020-11-01"
"1503093","Goianésia do Pará",81.780891418457,"2020-11-01"
"1503309","Igarapé-Miri",17.5619697570801,"2020-11-01"
"1503804","Jacundá",77.3267211914062,"2020-11-01"
"1504000","Limoeiro do Ajuru",14.0277471542358,"2020-11-01"
"1504422","Marituba",15.9715690612793,"2020-11-01"
"1504604","Mocajuba",23.6273212432861,"2020-11-01"
"1504703","Moju",55.6692123413086,"2020-11-01"
"1505064","Novo Repartimento",83.0438537597656,"2020-11-01"
"1505205","Oeiras do Pará",21.9537620544434,"2020-11-01"
"1506351","Santa Bárbara do Pará",10.6182622909546,"2020-11-01"
"1507953","Tailândia",73.5066452026367,"2020-11-01"
"1508100","Tucuruí",31.7300491333008,"2020-11-01"
"1500107","Abaetetuba",4.42108917236328,"2020-10-25"
"1500800","Ananindeua",4.4012041091919,"2020-10-25"
"1501105","Bagre",11.5531616210938,"2020-10-25"
"1501204","Baião",4.09630155563354,"2020-10-25"
"1501303","Barcarena",4.3680624961853,"2020-10-25"
"1501402","Belém",3.00262880325317,"2020-10-25"
"1501501","Benevides",3.51963782310486,"2020-10-25"
"1501782","Breu Branco",5.38882398605347,"2020-10-25"
"1502103","Cametá",6.60843467712402,"2020-10-25"
"1503093","Goianésia do Pará",5.42859411239624,"2020-10-25"
"1503309","Igarapé-Miri",6.29690361022949,"2020-10-25"
"1503804","Jacundá",6.37644338607788,"2020-10-25"
"1504000","Limoeiro do Ajuru",3.95047855377197,"2020-10-25"
"1504422","Marituba",4.4012041091919,"2020-10-25"
"1504604","Mocajuba",6.38307189941406,"2020-10-25"
"1504703","Moju",6.58854961395264,"2020-10-25"
"1505064","Novo Repartimento",8.73612499237061,"2020-10-25"
"1505205","Oeiras do Pará",9.49838161468506,"2020-10-25"
"1506351","Santa Bárbara do Pará",2.98937225341797,"2020-10-25"
"1507953","Tailândia",4.56028366088867,"2020-10-25"
"1508100","Tucuruí",5.52801895141602,"2020-10-25"
"1500107","Abaetetuba",6.74100065231323,"2020-10-18"
"1500800","Ananindeua",5.68709850311279,"2020-10-18"
"1501105","Bagre",2.26025700569153,"2020-10-18"
"1501204","Baião",3.04239869117737,"2020-10-18"
"1501303","Barcarena",5.91908931732178,"2020-10-18"
"1501402","Belém",4.00350522994995,"2020-10-18"
"1501501","Benevides",5.36231088638306,"2020-10-18"
"1501782","Breu Branco",2.83692073822021,"2020-10-18"
"1502103","Cametá",2.43922162055969,"2020-10-18"
"1503093","Goianésia do Pará",2.5121328830719,"2020-10-18"
"1503309","Igarapé-Miri",4.77901840209961,"2020-10-18"
"1503804","Jacundá",2.88994717597961,"2020-10-18"
"1504000","Limoeiro do Ajuru",1.93546938896179,"2020-10-18"
"1504422","Marituba",5.68709850311279,"2020-10-18"
"1504604","Mocajuba",1.4516019821167,"2020-10-18"
"1504703","Moju",7.44360303878784,"2020-10-18"
"1505064","Novo Repartimento",7.503258228302,"2020-10-18"
"1505205","Oeiras do Pará",3.02914237976074,"2020-10-18"
"1506351","Santa Bárbara do Pará",4.06978797912598,"2020-10-18"
"1507953","Tailândia",4.23549604415894,"2020-10-18"
"1508100","Tucuruí",1.74324810504913,"2020-10-18"
"1500107","Abaetetuba",4.34817743301392,"2020-10-11"
"1500800","Ananindeua",3.83779716491699,"2020-10-11"
"1501105","Bagre",1.00087630748749,"2020-10-11"
"1501204","Baião",0.775513410568237,"2020-10-11"
"1501303","Barcarena",2.78389430046081,"2020-10-11"
"1501402","Belém",3.50638103485107,"2020-10-11"
"1501501","Benevides",3.06891202926636,"2020-10-11"
"1501782","Breu Branco",1.68359315395355,"2020-10-11"
"1502103","Cametá",2.43922162055969,"2020-10-11"
"1503093","Goianésia do Pará",7.05253219604492,"2020-10-11"
"1503309","Igarapé-Miri",3.8576819896698,"2020-10-11"
"1503804","Jacundá",6.51563835144043,"2020-10-11"
"1504000","Limoeiro do Ajuru",2.93634581565857,"2020-10-11"
"1504422","Marituba",3.58592081069946,"2020-10-11"
"1504604","Mocajuba",0.961106300354004,"2020-10-11"
"1504703","Moju",4.14269971847534,"2020-10-11"
"1505064","Novo Repartimento",13.2367544174194,"2020-10-11"
"1505205","Oeiras do Pará",2.33979678153992,"2020-10-11"
"1506351","Santa Bárbara do Pará",3.31415987014771,"2020-10-11"
"1507953","Tailândia",2.26688528060913,"2020-10-11"
"1508100","Tucuruí",2.16083240509033,"2020-10-11"
"1500107","Abaetetuba",4.7061071395874,"2020-10-04"
"1500800","Ananindeua",5.2562575340271,"2020-10-04"
"1501105","Bagre",2.03489422798157,"2020-10-04"
"1501204","Baião",1.3985755443573,"2020-10-04"
"1501303","Barcarena",3.67208886146545,"2020-10-04"
"1501402","Belém",3.99024820327759,"2020-10-04"
"1501501","Benevides",4.26863765716553,"2020-10-04"
"1501782","Breu Branco",0.669460296630859,"2020-10-04"
"1502103","Cametá",2.78389430046081,"2020-10-04"
"1503093","Goianésia do Pará",0.437469065189362,"2020-10-04"
"1503309","Igarapé-Miri",4.43434572219849,"2020-10-04"
"1503804","Jacundá",0.364557564258575,"2020-10-04"
"1504000","Limoeiro do Ajuru",2.14757561683655,"2020-10-04"
"1504422","Marituba",5.2562575340271,"2020-10-04"
"1504604","Mocajuba",1.83604454994202,"2020-10-04"
"1504703","Moju",4.26863765716553,"2020-10-04"
"1505064","Novo Repartimento",0.735743522644043,"2020-10-04"
"1505205","Oeiras do Pará",2.37293839454651,"2020-10-04"
"1506351","Santa Bárbara do Pará",4.03664684295654,"2020-10-04"
"1507953","Tailândia",2.03489422798157,"2020-10-04"
"1508100","Tucuruí",0.285017758607864,"2020-10-04"
"1500107","Abaetetuba",4.130455493927,"2020-09-27"
"1500800","Ananindeua",4.76737308502197,"2020-09-27"
"1501105","Bagre",10.2001819610596,"2020-09-27"
"1501204","Baião",4.46792697906494,"2020-09-27"
"1501303","Barcarena",4.22551822662354,"2020-09-27"
"1501402","Belém",1.40216851234436,"2020-09-27"
"1501501","Benevides",4.11619663238525,"2020-09-27"
"1501782","Breu Branco",2.153160572052,"2020-09-27"
"1502103","Cametá",6.62108755111694,"2020-09-27"
"1503093","Goianésia do Pará",2.0961229801178,"2020-09-27"
"1503309","Igarapé-Miri",5.37101888656616,"2020-09-27"
"1503804","Jacundá",1.70068299770355,"2020-09-27"
"1504000","Limoeiro do Ajuru",4.24453067779541,"2020-09-27"
"1504422","Marituba",4.76737308502197,"2020-09-27"
"1504604","Mocajuba",5.04305362701416,"2020-09-27"
"1504703","Moju",4.32533359527588,"2020-09-27"
"1505064","Novo Repartimento",6.7808084487915,"2020-09-27"
"1505205","Oeiras do Pará",6.2075662612915,"2020-09-27"
"1506351","Santa Bárbara do Pará",2.27198839187622,"2020-09-27"
"1507953","Tailândia",2.91365885734558,"2020-09-27"
"1508100","Tucuruí",1.46871209144592,"2020-09-27"
"1500107","Abaetetuba",1.47821831703186,"2020-09-20"
"1500800","Ananindeua",7.17720174789429,"2020-09-20"
"1501105","Bagre",3.54582285881042,"2020-09-20"
"1501204","Baião",1.77291142940521,"2020-09-20"
"1501303","Barcarena",5.3567590713501,"2020-09-20"
"1501402","Belém",4.18274021148682,"2020-09-20"
"1501501","Benevides",7.02985525131226,"2020-09-20"
"1501782","Breu Branco",1.15500664710998,"2020-09-20"
"1502103","Cametá",3.17983317375183,"2020-09-20"
"1503093","Goianésia do Pará",1.08370995521545,"2020-09-20"
"1503309","Igarapé-Miri",3.08477091789246,"2020-09-20"
"1503804","Jacundá",1.02667260169983,"2020-09-20"
"1504000","Limoeiro do Ajuru",3.37471055984497,"2020-09-20"
"1504422","Marituba",7.17720174789429,"2020-09-20"
"1504604","Mocajuba",2.98495554924011,"2020-09-20"
"1504703","Moju",4.55348300933838,"2020-09-20"
"1505064","Novo Repartimento",3.98786234855652,"2020-09-20"
"1505205","Oeiras do Pará",3.01347422599792,"2020-09-20"
"1506351","Santa Bárbara do Pará",5.03354740142822,"2020-09-20"
"1507953","Tailândia",1.45445287227631,"2020-09-20"
"1508100","Tucuruí",0.998153924942017,"2020-09-20"
"1500107","Abaetetuba",2.51439714431763,"2020-09-13"
"1500800","Ananindeua",2.71878123283386,"2020-09-13"
"1501105","Bagre",3.28440141677856,"2020-09-13"
"1501204","Baião",1.14550042152405,"2020-09-13"
"1501303","Barcarena",2.54766893386841,"2020-09-13"
"1501402","Belém",2.19118547439575,"2020-09-13"
"1501501","Benevides",2.78057146072388,"2020-09-13"
"1501782","Breu Branco",0.693954586982727,"2020-09-13"
"1502103","Cametá",2.41933488845825,"2020-09-13"
"1503093","Goianésia do Pará",2.001060962677,"2020-09-13"
"1503309","Igarapé-Miri",2.37180376052856,"2020-09-13"
"1503804","Jacundá",0.213890120387077,"2020-09-13"
"1504000","Limoeiro do Ajuru",2.40032267570496,"2020-09-13"
"1504422","Marituba",2.78057146072388,"2020-09-13"
"1504604","Mocajuba",1.73963963985443,"2020-09-13"
"1504703","Moju",2.02482652664185,"2020-09-13"
"1505064","Novo Repartimento",0.736732602119446,"2020-09-13"
"1505205","Oeiras do Pará",2.305260181427,"2020-09-13"
"1506351","Santa Bárbara do Pará",2.21019792556763,"2020-09-13"
"1507953","Tailândia",0.575126767158508,"2020-09-13"
"1508100","Tucuruí",0.451545804738998,"2020-09-13"
"1500107","Abaetetuba",0.674942135810852,"2020-09-06"
"1500800","Ananindeua",4.56774234771729,"2020-09-06"
"1501105","Bagre",2.07711052894592,"2020-09-06"
"1501204","Baião",0.256668150424957,"2020-09-06"
"1501303","Barcarena",1.13124108314514,"2020-09-06"
"1501402","Belém",3.61236643791199,"2020-09-06"
"1501501","Benevides",3.94033122062683,"2020-09-06"
"1501782","Breu Branco",0.114074729382992,"2020-09-06"
"1502103","Cametá",0.750992000102997,"2020-09-06"
"1503093","Goianésia do Pará",0.28518682718277,"2020-09-06"
"1503309","Igarapé-Miri",0.518089413642883,"2020-09-06"
"1503804","Jacundá",0.04277802631259,"2020-09-06"
"1504000","Limoeiro do Ajuru",0.903091609477997,"2020-09-06"
"1504422","Marituba",4.01638126373291,"2020-09-06"
"1504604","Mocajuba",0.256668150424957,"2020-09-06"
"1504703","Moju",0.627411007881165,"2020-09-06"
"1505064","Novo Repartimento",0.731979548931122,"2020-09-06"
"1505205","Oeiras do Pará",1.29284703731537,"2020-09-06"
"1506351","Santa Bárbara do Pará",4.48218631744385,"2020-09-06"
"1507953","Tailândia",0.237655684351921,"2020-09-06"
"1508100","Tucuruí",0.061790481209755,"2020-09-06"
"1500107","Abaetetuba",0.784283876419067,"2020-08-30"
"1500800","Ananindeua",1.34109389781952,"2020-08-30"
"1501105","Bagre",3.69352531433106,"2020-08-30"
"1501204","Baião",0.764708876609802,"2020-08-30"
"1501303","Barcarena",0.693954586982727,"2020-08-30"
"1501402","Belém",1.19842433929443,"2020-08-30"
"1501501","Benevides",1.01580727100372,"2020-08-30"
"1501782","Breu Branco",0.519317209720612,"2020-08-30"
"1502103","Cametá",3.52722430229187,"2020-08-30"
"1503093","Goianésia do Pará",0.337471067905426,"2020-08-30"
"1503309","Igarapé-Miri",2.28304624557495,"2020-08-30"
"1503804","Jacundá",0.24240879714489,"2020-08-30"
"1504000","Limoeiro do Ajuru",3.15971946716309,"2020-08-30"
"1504422","Marituba",1.0899955034256,"2020-08-30"
"1504604","Mocajuba",1.43716943264008,"2020-08-30"
"1504703","Moju",1.66916966438294,"2020-08-30"
"1505064","Novo Repartimento",2.80248022079468,"2020-08-30"
"1505205","Oeiras do Pará",3.35065770149231,"2020-08-30"
"1506351","Santa Bárbara do Pará",1.26119899749756,"2020-08-30"
"1507953","Tailândia",0.690520703792572,"2020-08-30"
"1508100","Tucuruí",0.413520872592926,"2020-08-30"
"1500107","Abaetetuba",6.77395105361938,"2020-08-23"
"1500800","Ananindeua",3.28710675239563,"2020-08-23"
"1501105","Bagre",31.2332210540771,"2020-08-23"
"1501204","Baião",17.1602954864502,"2020-08-23"
"1501303","Barcarena",4.72521591186523,"2020-08-23"
"1501402","Belém",4.1202974319458,"2020-08-23"
"1501501","Benevides",2.48245024681091,"2020-08-23"
"1501782","Breu Branco",10.6888036727905,"2020-08-23"
"1502103","Cametá",16.6466846466064,"2020-08-23"
"1503093","Goianésia do Pará",10.2893295288086,"2020-08-23"
"1503309","Igarapé-Miri",9.61592864990234,"2020-08-23"
"1503804","Jacundá",8.17781925201416,"2020-08-23"
"1504000","Limoeiro do Ajuru",17.9763660430908,"2020-08-23"
"1504422","Marituba",3.13302373886108,"2020-08-23"
"1504604","Mocajuba",13.7647590637207,"2020-08-23"
"1504703","Moju",13.439474105835,"2020-08-23"
"1505064","Novo Repartimento",18.3301868438721,"2020-08-23"
"1505205","Oeiras do Pará",22.1194877624512,"2020-08-23"
"1506351","Santa Bárbara do Pará",3.52108478546143,"2020-08-23"
"1507953","Tailândia",5.66683530807495,"2020-08-23"
"1508100","Tucuruí",12.8859148025513,"2020-08-23"
"1500107","Abaetetuba",0.233978092670441,"2020-08-16"
"1500800","Ananindeua",1.03863441944122,"2020-08-16"
"1501105","Bagre",0.656280040740967,"2020-08-16"
"1501204","Baião",0.370940893888474,"2020-08-16"
"1501303","Barcarena",0.536437571048737,"2020-08-16"
"1501402","Belém",1.32397365570068,"2020-08-16"
"1501501","Benevides",0.975859820842743,"2020-08-16"
"1501782","Breu Branco",0.154083132743835,"2020-08-16"
"1502103","Cametá",0.559264659881592,"2020-08-16"
"1503093","Goianésia do Pará",0.14837634563446,"2020-08-16"
"1503309","Igarapé-Miri",0.188323825597763,"2020-08-16"
"1503804","Jacundá",0.136962786316872,"2020-08-16"
"1504000","Limoeiro do Ajuru",0.393768012523651,"2020-08-16"
"1504422","Marituba",0.975859820842743,"2020-08-16"
"1504604","Mocajuba",0.388061225414276,"2020-08-16"
"1504703","Moju",0.188323825597763,"2020-08-16"
"1505064","Novo Repartimento",0.182617053389549,"2020-08-16"
"1505205","Oeiras do Pará",0.724761426448822,"2020-08-16"
"1506351","Santa Bárbara do Pará",1.36392104625702,"2020-08-16"
"1507953","Tailândia",0.097015306353569,"2020-08-16"
"1508100","Tucuruí",0.108428865671158,"2020-08-16"
"1500107","Abaetetuba",0.627746045589447,"2020-08-09"
"1500800","Ananindeua",1.18130397796631,"2020-08-09"
"1501105","Bagre",0.479369729757309,"2020-08-09"
"1501204","Baião",0.108428865671158,"2020-08-09"
"1501303","Barcarena",0.467956185340881,"2020-08-09"
"1501402","Belém",2.61370658874512,"2020-08-09"
"1501501","Benevides",0.536437571048737,"2020-08-09"
"1501782","Breu Branco",0.057067822664976,"2020-08-09"
"1502103","Cametá",0.188323825597763,"2020-08-09"
"1503093","Goianésia do Pará",0.011413565836847,"2020-08-09"
"1503309","Igarapé-Miri",0.382354438304901,"2020-08-09"
"1503804","Jacundá",0.005706782918423,"2020-08-09"
"1504000","Limoeiro do Ajuru",0.353820502758026,"2020-08-09"
"1504422","Marituba",0.604918956756592,"2020-08-09"
"1504604","Mocajuba",0.102722093462944,"2020-08-09"
"1504703","Moju",0.342406958341599,"2020-08-09"
"1505064","Novo Repartimento",0.068481393158436,"2020-08-09"
"1505205","Oeiras do Pará",0.393767982721329,"2020-08-09"
"1506351","Santa Bárbara do Pará",1.91177213191986,"2020-08-09"
"1507953","Tailândia",0.07418817281723,"2020-08-09"
"1508100","Tucuruí",0.005706782918423,"2020-08-09"
"1500107","Abaetetuba",0.456542611122131,"2020-08-02"
"1500800","Ananindeua",0.473662972450256,"2020-08-02"
"1501105","Bagre",1.69491457939148,"2020-08-02"
"1501204","Baião",0.0856017395854,"2020-08-02"
"1501303","Barcarena",0.981566607952118,"2020-08-02"
"1501402","Belém",0.741881728172302,"2020-08-02"
"1501501","Benevides",0.365234076976776,"2020-08-02"
"1501782","Breu Branco",0.005706782918423,"2020-08-02"
"1502103","Cametá",0.456542581319809,"2020-08-02"
"1503093","Goianésia do Pará",2.8e-14,"2020-08-02"
"1503309","Igarapé-Miri",0.228271305561066,"2020-08-02"
"1503804","Jacundá",2.8e-14,"2020-08-02"
"1504000","Limoeiro do Ajuru",0.262511998414993,"2020-08-02"
"1504422","Marituba",0.365234076976776,"2020-08-02"
"1504604","Mocajuba",0.119842432439327,"2020-08-02"
"1504703","Moju",0.279632329940796,"2020-08-02"
"1505064","Novo Repartimento",2.8e-14,"2020-08-02"
"1505205","Oeiras do Pará",1.24978542327881,"2020-08-02"
"1506351","Santa Bárbara do Pará",0.719054579734802,"2020-08-02"
"1507953","Tailândia",0.051361046731472,"2020-08-02"
"1508100","Tucuruí",2.8e-14,"2020-08-02"
"1500107","Abaetetuba",0.249416425824165,"2020-07-26"
"1500800","Ananindeua",1.05298233032227,"2020-07-26"
"1501105","Bagre",0.836191892623901,"2020-07-26"
"1501204","Baião",0.255503058433533,"2020-07-26"
"1501303","Barcarena",0.247760534286499,"2020-07-26"
"1501402","Belém",1.36268305778503,"2020-07-26"
"1501501","Benevides",0.449065983295441,"2020-07-26"
"1501782","Breu Branco",0.030970066785812,"2020-07-26"
"1502103","Cametá",0.480036079883575,"2020-07-26"
"1503093","Goianésia do Pará",5.6e-14,"2020-07-26"
"1503309","Igarapé-Miri",0.154850348830223,"2020-07-26"
"1503804","Jacundá",5.6e-14,"2020-07-26"
"1504000","Limoeiro do Ajuru",1.53487050533295,"2020-07-26"
"1504422","Marituba",0.727796614170074,"2020-07-26"
"1504604","Mocajuba",0.162592858076096,"2020-07-26"
"1504703","Moju",0.239823505282402,"2020-07-26"
"1505064","Novo Repartimento",5.6e-14,"2020-07-26"
"1505205","Oeiras do Pará",0.828449308872223,"2020-07-26"
"1506351","Santa Bárbara do Pará",1.06846737861633,"2020-07-26"
"1507953","Tailândia",0.030970066785812,"2020-07-26"
"1508100","Tucuruí",0.007742516696453,"2020-07-26"
"1500107","Abaetetuba",2.13693475723267,"2020-07-19"
"1500800","Ananindeua",2.11370706558227,"2020-07-19"
"1501105","Bagre",1.84271907806397,"2020-07-19"
"1501204","Baião",0.201305449008942,"2020-07-19"
"1501303","Barcarena",1.88143169879913,"2020-07-19"
"1501402","Belém",1.88917422294617,"2020-07-19"
"1501501","Benevides",1.53301846981049,"2020-07-19"
"1501782","Breu Branco",0.038712583482265,"2020-07-19"
"1502103","Cametá",0.828449368476868,"2020-07-19"
"1503093","Goianésia do Pará",0.023227550089359,"2020-07-19"
"1503309","Igarapé-Miri",1.78852140903473,"2020-07-19"
"1503804","Jacundá",5.6e-14,"2020-07-19"
"1504000","Limoeiro do Ajuru",1.42462313175201,"2020-07-19"
"1504422","Marituba",1.8272340297699,"2020-07-19"
"1504604","Mocajuba",0.464551031589508,"2020-07-19"
"1504703","Moju",1.45559322834015,"2020-07-19"
"1505064","Novo Repartimento",0.170335382223129,"2020-07-19"
"1505205","Oeiras do Pará",1.21557509899139,"2020-07-19"
"1506351","Santa Bárbara do Pará",1.9201443195343,"2020-07-19"
"1507953","Tailândia",0.480036079883575,"2020-07-19"
"1508100","Tucuruí",0.038712583482265,"2020-07-19"
"1500107","Abaetetuba",3.12797713279724,"2020-07-12"
"1500800","Ananindeua",3.09700679779053,"2020-07-12"
"1501105","Bagre",7.25473880767822,"2020-07-12"
"1501204","Baião",4.45194721221924,"2020-07-12"
"1501303","Barcarena",1.74980890750885,"2020-07-12"
"1501402","Belém",2.96538424491882,"2020-07-12"
"1501501","Benevides",2.46986293792725,"2020-07-12"
"1501782","Breu Branco",2.46986293792725,"2020-07-12"
"1502103","Cametá",4.20418691635132,"2020-07-12"
"1503093","Goianésia do Pará",2.48534798622131,"2020-07-12"
"1503309","Igarapé-Miri",3.41445016860962,"2020-07-12"
"1503804","Jacundá",2.71762347221375,"2020-07-12"
"1504000","Limoeiro do Ajuru",4.52163028717041,"2020-07-12"
"1504422","Marituba",2.6169707775116,"2020-07-12"
"1504604","Mocajuba",2.35372519493103,"2020-07-12"
"1504703","Moju",3.68543815612793,"2020-07-12"
"1505064","Novo Repartimento",1.44010818004608,"2020-07-12"
"1505205","Oeiras do Pará",4.924241065979,"2020-07-12"
"1506351","Santa Bárbara do Pará",2.9576416015625,"2020-07-12"
"1507953","Tailândia",2.43889284133911,"2020-07-12"
"1508100","Tucuruí",1.64141368865967,"2020-07-12"
"1500107","Abaetetuba",7.64960718154907,"2020-07-05"
"1500800","Ananindeua",12.4035129547119,"2020-07-05"
"1501105","Bagre",4.14224672317505,"2020-07-05"
"1501204","Baião",4.81584596633911,"2020-07-05"
"1501303","Barcarena",12.117039680481,"2020-07-05"
"1501402","Belém",5.65203762054443,"2020-07-05"
"1501501","Benevides",10.9943742752075,"2020-07-05"
"1501782","Breu Branco",4.28161191940308,"2020-07-05"
"1502103","Cametá",8.29223537445068,"2020-07-05"
"1503093","Goianésia do Pará",2.97312664985657,"2020-07-05"
"1503309","Igarapé-Miri",10.3749723434448,"2020-07-05"
"1503804","Jacundá",0.363898307085037,"2020-07-05"
"1504000","Limoeiro do Ajuru",6.65856456756592,"2020-07-05"
"1504422","Marituba",12.4035129547119,"2020-07-05"
"1504604","Mocajuba",8.93486499786377,"2020-07-05"
"1504703","Moju",9.60846328735352,"2020-07-05"
"1505064","Novo Repartimento",2.09822225570679,"2020-07-05"
"1505205","Oeiras do Pará",5.28813934326172,"2020-07-05"
"1506351","Santa Bárbara do Pará",7.81219959259033,"2020-07-05"
"1507953","Tailândia",6.12433099746704,"2020-07-05"
"1508100","Tucuruí",3.56930041313171,"2020-07-05"
"1500107","Abaetetuba",9.68215847015381,"2020-06-28"
"1500800","Ananindeua",12.4242897033691,"2020-06-28"
"1501105","Bagre",13.6242036819458,"2020-06-28"
"1501204","Baião",2.87976717948914,"2020-06-28"
"1501303","Barcarena",5.65366077423096,"2020-06-28"
"1501402","Belém",12.6254501342773,"2020-06-28"
"1501501","Benevides",7.9405345916748,"2020-06-28"
"1501782","Breu Branco",2.14923810958862,"2020-06-28"
"1502103","Cametá",7.16765594482422,"2020-06-28"
"1503093","Goianésia do Pará",1.05873799324036,"2020-06-28"
"1503309","Igarapé-Miri",6.55358791351318,"2020-06-28"
"1503804","Jacundá",0.614068031311035,"2020-06-28"
"1504000","Limoeiro do Ajuru",8.80869960784912,"2020-06-28"
"1504422","Marituba",9.94155025482178,"2020-06-28"
"1504604","Mocajuba",3.66852712631226,"2020-06-28"
"1504703","Moju",8.84046173095703,"2020-06-28"
"1505064","Novo Repartimento",1.33930361270904,"2020-06-28"
"1505205","Oeiras do Pará",11.9994611740112,"2020-06-28"
"1506351","Santa Bárbara do Pará",11.275559425354,"2020-06-28"
"1507953","Tailândia",2.39274787902832,"2020-06-28"
"1508100","Tucuruí",3.48324799537659,"2020-06-28"
"1500107","Abaetetuba",9.00402641296387,"2020-06-21"
"1500800","Ananindeua",6.80619382858276,"2020-06-21"
"1501105","Bagre",7.9523754119873,"2020-06-21"
"1501204","Baião",3.81075930595398,"2020-06-21"
"1501303","Barcarena",7.10160112380981,"2020-06-21"
"1501402","Belém",7.47972297668457,"2020-06-21"
"1501501","Benevides",8.44275188446045,"2020-06-21"
"1501782","Breu Branco",1.15209007263184,"2020-06-21"
"1502103","Cametá",6.68803024291992,"2020-06-21"
"1503093","Goianésia do Pará",0.785784482955933,"2020-06-21"
"1503309","Igarapé-Miri",7.47972297668457,"2020-06-21"
"1503804","Jacundá",0.762151837348938,"2020-06-21"
"1504000","Limoeiro do Ajuru",10.256555557251,"2020-06-21"
"1504422","Marituba",8.44275188446045,"2020-06-21"
"1504604","Mocajuba",6.05585813522339,"2020-06-21"
"1504703","Moju",8.70271110534668,"2020-06-21"
"1505064","Novo Repartimento",1.16390645503998,"2020-06-21"
"1505205","Oeiras do Pará",7.88147735595703,"2020-06-21"
"1506351","Santa Bárbara do Pará",9.62438297271729,"2020-06-21"
"1507953","Tailândia",4.99829816818237,"2020-06-21"
"1508100","Tucuruí",1.34705913066864,"2020-06-21"
"1500107","Abaetetuba",16.6196384429932,"2020-06-14"
"1500800","Ananindeua",15.4852714538574,"2020-06-14"
"1501105","Bagre",19.2487659454346,"2020-06-14"
"1501204","Baião",7.50335597991943,"2020-06-14"
"1501303","Barcarena",15.526629447937,"2020-06-14"
"1501402","Belém",13.7600908279419,"2020-06-14"
"1501501","Benevides",14.9358139038086,"2020-06-14"
"1501782","Breu Branco",1.49476289749146,"2020-06-14"
"1502103","Cametá",16.6609954833984,"2020-06-14"
"1503093","Goianésia do Pará",1.46522223949432,"2020-06-14"
"1503309","Igarapé-Miri",10.9300851821899,"2020-06-14"
"1503804","Jacundá",1.60110974311829,"2020-06-14"
"1504000","Limoeiro do Ajuru",20.1822528839111,"2020-06-14"
"1504422","Marituba",15.4852714538574,"2020-06-14"
"1504604","Mocajuba",8.67317008972168,"2020-06-14"
"1504703","Moju",16.7378005981445,"2020-06-14"
"1505064","Novo Repartimento",4.22432994842529,"2020-06-14"
"1505205","Oeiras do Pará",17.8839817047119,"2020-06-14"
"1506351","Santa Bárbara do Pará",13.1338262557983,"2020-06-14"
"1507953","Tailândia",6.58759212493896,"2020-06-14"
"1508100","Tucuruí",1.2407124042511,"2020-06-14"
"1500107","Abaetetuba",19.1010627746582,"2020-06-07"
"1500800","Ananindeua",15.8220357894897,"2020-06-07"
"1501105","Bagre",18.1203098297119,"2020-06-07"
"1501204","Baião",16.6078205108643,"2020-06-07"
"1501303","Barcarena",16.3183212280273,"2020-06-07"
"1501402","Belém",17.2813510894775,"2020-06-07"
"1501501","Benevides",14.4277124404907,"2020-06-07"
"1501782","Breu Branco",11.1900434494019,"2020-06-07"
"1502103","Cametá",21.4997730255127,"2020-06-07"
"1503093","Goianésia do Pará",11.2432174682617,"2020-06-07"
"1503309","Igarapé-Miri",12.3893995285034,"2020-06-07"
"1503804","Jacundá",6.77665281295776,"2020-06-07"
"1504000","Limoeiro do Ajuru",18.3920841217041,"2020-06-07"
"1504422","Marituba",14.4277124404907,"2020-06-07"
"1504604","Mocajuba",17.0154838562012,"2020-06-07"
"1504703","Moju",19.8750305175781,"2020-06-07"
"1505064","Novo Repartimento",10.8060140609741,"2020-06-07"
"1505205","Oeiras do Pará",22.2382926940918,"2020-06-07"
"1506351","Santa Bárbara do Pará",17.0450248718262,"2020-06-07"
"1507953","Tailândia",15.4734563827515,"2020-06-07"
"1508100","Tucuruí",9.21672058105469,"2020-06-07"
"1500107","Abaetetuba",45.7318954467773,"2020-05-31"
"1500800","Ananindeua",89.6360092163086,"2020-05-31"
"1501105","Bagre",35.6520614624023,"2020-05-31"
"1501204","Baião",16.5604782104492,"2020-05-31"
"1501303","Barcarena",62.0486602783203,"2020-05-31"
"1501402","Belém",92.4463806152344,"2020-05-31"
"1501501","Benevides",83.0014724731445,"2020-05-31"
"1501782","Breu Branco",14.698431968689,"2020-05-31"
"1502103","Cametá",29.2485961914062,"2020-05-31"
"1503093","Goianésia do Pará",15.8420505523682,"2020-05-31"
"1503309","Igarapé-Miri",32.2900352478027,"2020-05-31"
"1503804","Jacundá",13.8900709152222,"2020-05-31"
"1504000","Limoeiro do Ajuru",31.9007453918457,"2020-05-31"
"1504422","Marituba",83.0014724731445,"2020-05-31"
"1504604","Mocajuba",15.2409172058105,"2020-05-31"
"1504703","Moju",53.2241172790527,"2020-05-31"
"1505064","Novo Repartimento",17.234920501709,"2020-05-31"
"1505205","Oeiras do Pará",35.7499008178711,"2020-05-31"
"1506351","Santa Bárbara do Pará",90.8246917724609,"2020-05-31"
"1507953","Tailândia",17.3167991638184,"2020-05-31"
"1508100","Tucuruí",17.0516471862793,"2020-05-31"
"1500107","Abaetetuba",22.1319541931152,"2020-05-24"
"1500800","Ananindeua",22.0806369781494,"2020-05-24"
"1501105","Bagre",24.521821975708,"2020-05-24"
"1501204","Baião",45.554141998291,"2020-05-24"
"1501303","Barcarena",18.7230892181396,"2020-05-24"
"1501402","Belém",12.2939004898071,"2020-05-24"
"1501501","Benevides",23.9353523254395,"2020-05-24"
"1501782","Breu Branco",50.2239151000977,"2020-05-24"
"1502103","Cametá",15.6807708740234,"2020-05-24"
"1503093","Goianésia do Pará",41.7200889587402,"2020-05-24"
"1503309","Igarapé-Miri",17.5281543731689,"2020-05-24"
"1503804","Jacundá",26.4425144195557,"2020-05-24"
"1504000","Limoeiro do Ajuru",21.3768711090088,"2020-05-24"
"1504422","Marituba",23.9353523254395,"2020-05-24"
"1504604","Mocajuba",13.8847026824951,"2020-05-24"
"1504703","Moju",60.8537063598633,"2020-05-24"
"1505064","Novo Repartimento",42.6950950622559,"2020-05-24"
"1505205","Oeiras do Pará",15.8933658599854,"2020-05-24"
"1506351","Santa Bárbara do Pará",17.8800373077393,"2020-05-24"
"1507953","Tailândia",61.924015045166,"2020-05-24"
"1508100","Tucuruí",31.1562767028809,"2020-05-24"
"1500107","Abaetetuba",21.2669067382812,"2020-05-17"
"1500800","Ananindeua",19.8373851776123,"2020-05-17"
"1501105","Bagre",26.897029876709,"2020-05-17"
"1501204","Baião",23.2609100341797,"2020-05-17"
"1501303","Barcarena",18.884370803833,"2020-05-17"
"1501402","Belém",16.2745723724365,"2020-05-17"
"1501501","Benevides",18.972339630127,"2020-05-17"
"1501782","Breu Branco",24.3898658752441,"2020-05-17"
"1502103","Cametá",26.4131908416748,"2020-05-17"
"1503093","Goianésia do Pará",20.6144580841064,"2020-05-17"
"1503309","Igarapé-Miri",20.9516792297363,"2020-05-17"
"1503804","Jacundá",13.6354532241821,"2020-05-17"
"1504000","Limoeiro do Ajuru",25.4235210418701,"2020-05-17"
"1504422","Marituba",19.8373851776123,"2020-05-17"
"1504604","Mocajuba",19.07497215271,"2020-05-17"
"1504703","Moju",29.6974296569824,"2020-05-17"
"1505064","Novo Repartimento",24.7784042358398,"2020-05-17"
"1505205","Oeiras do Pará",28.0773029327393,"2020-05-17"
"1506351","Santa Bárbara do Pará",17.7920665740967,"2020-05-17"
"1507953","Tailândia",30.1006278991699,"2020-05-17"
"1508100","Tucuruí",27.1242866516113,"2020-05-17"
"1500107","Abaetetuba",18.6351184844971,"2020-05-10"
"1500800","Ananindeua",19.5588092803955,"2020-05-10"
"1501105","Bagre",23.5028285980225,"2020-05-10"
"1501204","Baião",18.4811706542969,"2020-05-10"
"1501303","Barcarena",16.2305870056152,"2020-05-10"
"1501402","Belém",16.1646099090576,"2020-05-10"
"1501501","Benevides",18.8183917999268,"2020-05-10"
"1501782","Breu Branco",9.65478038787842,"2020-05-10"
"1502103","Cametá",16.3991966247559,"2020-05-10"
"1503093","Goianésia do Pará",9.64011859893799,"2020-05-10"
"1503309","Igarapé-Miri",10.7030973434448,"2020-05-10"
"1503804","Jacundá",5.16094541549683,"2020-05-10"
"1504000","Limoeiro do Ajuru",19.3315544128418,"2020-05-10"
"1504422","Marituba",19.4781703948975,"2020-05-10"
"1504604","Mocajuba",7.47017574310303,"2020-05-10"
"1504703","Moju",18.1146259307861,"2020-05-10"
"1505064","Novo Repartimento",9.99933242797852,"2020-05-10"
"1505205","Oeiras do Pará",27.8720397949219,"2020-05-10"
"1506351","Santa Bárbara do Pará",18.9650096893311,"2020-05-10"
"1507953","Tailândia",12.5798053741455,"2020-05-10"
"1508100","Tucuruí",10.2265892028809,"2020-05-10"
"1500107","Abaetetuba",18.143949508667,"2020-05-03"
"1500800","Ananindeua",14.9696750640869,"2020-05-03"
"1501105","Bagre",24.7637424468994,"2020-05-03"
"1501204","Baião",24.8223876953125,"2020-05-03"
"1501303","Barcarena",12.3085622787476,"2020-05-03"
"1501402","Belém",12.8950338363647,"2020-05-03"
"1501501","Benevides",13.1442832946777,"2020-05-03"
"1501782","Breu Branco",19.9326877593994,"2020-05-03"
"1502103","Cametá",24.9616756439209,"2020-05-03"
"1503093","Goianésia do Pará",17.7407512664795,"2020-05-03"
"1503309","Igarapé-Miri",26.8090591430664,"2020-05-03"
"1503804","Jacundá",13.6134605407715,"2020-05-03"
"1504000","Limoeiro do Ajuru",24.6097927093506,"2020-05-03"
"1504422","Marituba",13.1442832946777,"2020-05-03"
"1504604","Mocajuba",22.2565765380859,"2020-05-03"
"1504703","Moju",26.1859340667725,"2020-05-03"
"1505064","Novo Repartimento",23.5688076019287,"2020-05-03"
"1505205","Oeiras do Pará",23.202262878418,"2020-05-03"
"1506351","Santa Bárbara do Pará",14.3172245025635,"2020-05-03"
"1507953","Tailândia",12.4331874847412,"2020-05-03"
"1508100","Tucuruí",15.8787050247192,"2020-05-03"
"1500107","Abaetetuba",28.4321956634521,"2020-04-26"
"1500800","Ananindeua",23.6071510314941,"2020-04-26"
"1501105","Bagre",41.0936584472656,"2020-04-26"
"1501204","Baião",23.2840709686279,"2020-04-26"
"1501303","Barcarena",27.4267959594727,"2020-04-26"
"1501402","Belém",20.9816951751709,"2020-04-26"
"1501501","Benevides",20.4768009185791,"2020-04-26"
"1501782","Breu Branco",29.059642791748,"2020-04-26"
"1502103","Cametá",38.2720565795898,"2020-04-26"
"1503093","Goianésia do Pará",28.5538120269775,"2020-04-26"
"1503309","Igarapé-Miri",32.3121643066406,"2020-04-26"
"1503804","Jacundá",14.3465490341187,"2020-04-26"
"1504000","Limoeiro do Ajuru",29.9820041656494,"2020-04-26"
"1504422","Marituba",22.4788208007812,"2020-04-26"
"1504604","Mocajuba",30.8870868682861,"2020-04-26"
"1504703","Moju",28.9869804382324,"2020-04-26"
"1505064","Novo Repartimento",19.9499530792236,"2020-04-26"
"1505205","Oeiras do Pará",30.1576747894287,"2020-04-26"
"1506351","Santa Bárbara do Pará",21.627082824707,"2020-04-26"
"1507953","Tailândia",16.6703281402588,"2020-04-26"
"1508100","Tucuruí",20.6731052398682,"2020-04-26"
"1500107","Abaetetuba",27.8658351898193,"2020-04-19"
"1500800","Ananindeua",28.8800144195557,"2020-04-19"
"1501105","Bagre",54.4013786315918,"2020-04-19"
"1501204","Baião",71.8180770874023,"2020-04-19"
"1501303","Barcarena",31.0532627105713,"2020-04-19"
"1501402","Belém",28.2126750946045,"2020-04-19"
"1501501","Benevides",27.9492530822754,"2020-04-19"
"1501782","Breu Branco",36.1461181640625,"2020-04-19"
"1502103","Cametá",72.7444458007812,"2020-04-19"
"1503093","Goianésia do Pará",38.2754592895508,"2020-04-19"
"1503309","Igarapé-Miri",52.0086135864258,"2020-04-19"
"1503804","Jacundá",30.0873737335205,"2020-04-19"
"1504000","Limoeiro do Ajuru",18.1850147247314,"2020-04-19"
"1504422","Marituba",28.4278030395508,"2020-04-19"
"1504604","Mocajuba",79.7734680175781,"2020-04-19"
"1504703","Moju",74.5664596557617,"2020-04-19"
"1505064","Novo Repartimento",45.6776657104492,"2020-04-19"
"1505205","Oeiras do Pará",70.48779296875,"2020-04-19"
"1506351","Santa Bárbara do Pará",28.3443870544434,"2020-04-19"
"1507953","Tailândia",61.5225982666016,"2020-04-19"
"1508100","Tucuruí",71.7609939575195,"2020-04-19"
"1500107","Abaetetuba",50.0636711120605,"2020-04-12"
"1500800","Ananindeua",35.7729339599609,"2020-04-12"
"1501105","Bagre",36.8134613037109,"2020-04-12"
"1501204","Baião",47.341625213623,"2020-04-12"
"1501303","Barcarena",42.9073257446289,"2020-04-12"
"1501402","Belém",34.526065826416,"2020-04-12"
"1501501","Benevides",30.0698127746582,"2020-04-12"
"1501782","Breu Branco",159.630355834961,"2020-04-12"
"1502103","Cametá",65.2588195800781,"2020-04-12"
"1503093","Goianésia do Pará",170.386825561523,"2020-04-12"
"1503309","Igarapé-Miri",51.7100677490234,"2020-04-12"
"1503804","Jacundá",82.7413787841797,"2020-04-12"
"1504000","Limoeiro do Ajuru",45.7962074279785,"2020-04-12"
"1504422","Marituba",33.1826019287109,"2020-04-12"
"1504604","Mocajuba",36.3919792175293,"2020-04-12"
"1504703","Moju",94.9817962646484,"2020-04-12"
"1505064","Novo Repartimento",68.3452682495117,"2020-04-12"
"1505205","Oeiras do Pará",32.9894218444824,"2020-04-12"
"1506351","Santa Bárbara do Pará",32.6601448059082,"2020-04-12"
"1507953","Tailândia",207.99055480957,"2020-04-12"
"1508100","Tucuruí",70.4921798706055,"2020-04-12"
"1500107","Abaetetuba",41.7131385803223,"2020-04-05"
"1500800","Ananindeua",45.1552085876465,"2020-04-05"
"1501105","Bagre",33.9597015380859,"2020-04-05"
"1501204","Baião",143.192718505859,"2020-04-05"
"1501303","Barcarena",45.1244735717773,"2020-04-05"
"1501402","Belém",40.562858581543,"2020-04-05"
"1501501","Benevides",46.0727996826172,"2020-04-05"
"1501782","Breu Branco",117.113777160645,"2020-04-05"
"1502103","Cametá",34.5611877441406,"2020-04-05"
"1503093","Goianésia do Pará",58.1156539916992,"2020-04-05"
"1503309","Igarapé-Miri",32.0981750488281,"2020-04-05"
"1503804","Jacundá",15.1951551437378,"2020-04-05"
"1504000","Limoeiro do Ajuru",34.126537322998,"2020-04-05"
"1504422","Marituba",46.0727996826172,"2020-04-05"
"1504604","Mocajuba",29.081974029541,"2020-04-05"
"1504703","Moju",56.4648666381836,"2020-04-05"
"1505064","Novo Repartimento",79.5890731811523,"2020-04-05"
"1505205","Oeiras do Pará",32.0586585998535,"2020-04-05"
"1506351","Santa Bárbara do Pará",44.5405540466309,"2020-04-05"
"1507953","Tailândia",43.6361312866211,"2020-04-05"
"1508100","Tucuruí",146.125503540039,"2020-04-05"
"1500107","Abaetetuba",27.023754119873,"2020-03-29"
"1500800","Ananindeua",19.6894016265869,"2020-03-29"
"1501105","Bagre",37.0754928588867,"2020-03-29"
"1501204","Baião",21.0168190002441,"2020-03-29"
"1501303","Barcarena",19.9533748626709,"2020-03-29"
"1501402","Belém",17.0910625457764,"2020-03-29"
"1501501","Benevides",19.508243560791,"2020-03-29"
"1501782","Breu Branco",23.3042144775391,"2020-03-29"
"1502103","Cametá",30.4191932678223,"2020-03-29"
"1503093","Goianésia do Pará",33.547004699707,"2020-03-29"
"1503309","Igarapé-Miri",30.3420162200928,"2020-03-29"
"1503804","Jacundá",14.3565902709961,"2020-03-29"
"1504000","Limoeiro do Ajuru",38.1986808776855,"2020-03-29"
"1504422","Marituba",19.508243560791,"2020-03-29"
"1504604","Mocajuba",28.8492832183838,"2020-03-29"
"1504703","Moju",28.5200023651123,"2020-03-29"
"1505064","Novo Repartimento",29.8810272216797,"2020-03-29"
"1505205","Oeiras do Pará",36.0092430114746,"2020-03-29"
"1506351","Santa Bárbara do Pará",17.329158782959,"2020-03-29"
"1507953","Tailândia",26.5618877410889,"2020-03-29"
"1508100","Tucuruí",17.078634262085,"2020-03-29"
"1500107","Abaetetuba",37.6189727783203,"2020-03-22"
"1500800","Ananindeua",33.9699096679688,"2020-03-22"
"1501105","Bagre",33.7473449707031,"2020-03-22"
"1501204","Baião",27.5724086761475,"2020-03-22"
"1501303","Barcarena",28.0227184295654,"2020-03-22"
"1501402","Belém",36.1541709899902,"2020-03-22"
"1501501","Benevides",29.8705406188965,"2020-03-22"
"1501782","Breu Branco",19.109691619873,"2020-03-22"
"1502103","Cametá",51.6872673034668,"2020-03-22"
"1503093","Goianésia do Pará",26.8011894226074,"2020-03-22"
"1503309","Igarapé-Miri",37.3342933654785,"2020-03-22"
"1503804","Jacundá",23.4316310882568,"2020-03-22"
"1504000","Limoeiro do Ajuru",43.9698905944824,"2020-03-22"
"1504422","Marituba",31.2732315063477,"2020-03-22"
"1504604","Mocajuba",26.9771728515625,"2020-03-22"
"1504703","Moju",25.124174118042,"2020-03-22"
"1505064","Novo Repartimento",159.740875244141,"2020-03-22"
"1505205","Oeiras do Pará",41.2732048034668,"2020-03-22"
"1506351","Santa Bárbara do Pará",34.28564453125,"2020-03-22"
"1507953","Tailândia",20.7349472045898,"2020-03-22"
"1508100","Tucuruí",59.1613731384277,"2020-03-22"
"1500107","Abaetetuba",135.993515014648,"2020-03-15"
"1500800","Ananindeua",35.5434074401855,"2020-03-15"
"1501105","Bagre",268.746887207031,"2020-03-15"
"1501204","Baião",87.6706314086914,"2020-03-15"
"1501303","Barcarena",50.0361328125,"2020-03-15"
"1501402","Belém",32.8001403808594,"2020-03-15"
"1501501","Benevides",33.8819160461426,"2020-03-15"
"1501782","Breu Branco",124.264762878418,"2020-03-15"
"1502103","Cametá",212.313232421875,"2020-03-15"
"1503093","Goianésia do Pará",127.458335876465,"2020-03-15"
"1503309","Igarapé-Miri",168.602142333984,"2020-03-15"
"1503804","Jacundá",45.802188873291,"2020-03-15"
"1504000","Limoeiro do Ajuru",302.090484619141,"2020-03-15"
"1504422","Marituba",35.5434074401855,"2020-03-15"
"1504604","Mocajuba",117.965599060059,"2020-03-15"
"1504703","Moju",117.116744995117,"2020-03-15"
"1505064","Novo Repartimento",72.6810073852539,"2020-03-15"
"1505205","Oeiras do Pará",284.186798095703,"2020-03-15"
"1506351","Santa Bárbara do Pará",32.2256088256836,"2020-03-15"
"1507953","Tailândia",117.064979553223,"2020-03-15"
"1508100","Tucuruí",69.409797668457,"2020-03-15"
"1500107","Abaetetuba",93.2865600585938,"2020-03-08"
"1500800","Ananindeua",90.7762145996094,"2020-03-08"
"1501105","Bagre",74.9325637817383,"2020-03-08"
"1501204","Baião",111.464584350586,"2020-03-08"
"1501303","Barcarena",104.839332580566,"2020-03-08"
"1501402","Belém",76.6250991821289,"2020-03-08"
"1501501","Benevides",87.2099685668945,"2020-03-08"
"1501782","Breu Branco",87.0029296875,"2020-03-08"
"1502103","Cametá",55.9315643310547,"2020-03-08"
"1503093","Goianésia do Pará",84.2907180786133,"2020-03-08"
"1503309","Igarapé-Miri",79.3424911499023,"2020-03-08"
"1503804","Jacundá",72.7482986450195,"2020-03-08"
"1504000","Limoeiro do Ajuru",60.6416969299316,"2020-03-08"
"1504422","Marituba",90.7762145996094,"2020-03-08"
"1504604","Mocajuba",52.7379875183105,"2020-03-08"
"1504703","Moju",113.157119750977,"2020-03-08"
"1505064","Novo Repartimento",56.9926376342773,"2020-03-08"
"1505205","Oeiras do Pará",48.8249549865723,"2020-03-08"
"1506351","Santa Bárbara do Pará",84.2958984375,"2020-03-08"
"1507953","Tailândia",92.2513656616211,"2020-03-08"
"1508100","Tucuruí",51.7856101989746,"2020-03-08"
"1500107","Abaetetuba",26.9186706542969,"2020-03-01"
"1500800","Ananindeua",41.884880065918,"2020-03-01"
"1501105","Bagre",58.8611679077148,"2020-03-01"
"1501204","Baião",30.1531009674072,"2020-03-01"
"1501303","Barcarena",30.770565032959,"2020-03-01"
"1501402","Belém",83.6917419433594,"2020-03-01"
"1501501","Benevides",34.5030364990234,"2020-03-01"
"1501782","Breu Branco",18.126256942749,"2020-03-01"
"1502103","Cametá",36.1650009155273,"2020-03-01"
"1503093","Goianésia do Pará",21.9409503936768,"2020-03-01"
"1503309","Igarapé-Miri",36.4235725402832,"2020-03-01"
"1503804","Jacundá",52.4326095581055,"2020-03-01"
"1504000","Limoeiro do Ajuru",25.8576164245605,"2020-03-01"
"1504422","Marituba",34.5030364990234,"2020-03-01"
"1504604","Mocajuba",37.633975982666,"2020-03-01"
"1504703","Moju",44.7448234558105,"2020-03-01"
"1505064","Novo Repartimento",34.6997222900391,"2020-03-01"
"1505205","Oeiras do Pará",35.8332633972168,"2020-03-01"
"1506351","Santa Bárbara do Pará",60.9927673339844,"2020-03-01"
"1507953","Tailândia",43.8710098266602,"2020-03-01"
"1508100","Tucuruí",20.0827751159668,"2020-03-01"
"1500107","Abaetetuba",38.0467529296875,"2020-02-23"
"1500800","Ananindeua",49.8792037963867,"2020-02-23"
"1501105","Bagre",19.8246173858643,"2020-02-23"
"1501204","Baião",17.3642425537109,"2020-02-23"
"1501303","Barcarena",49.4583511352539,"2020-02-23"
"1501402","Belém",73.3013076782227,"2020-02-23"
"1501501","Benevides",33.6116065979004,"2020-02-23"
"1501782","Breu Branco",13.9933700561523,"2020-02-23"
"1502103","Cametá",23.9845886230469,"2020-02-23"
"1503093","Goianésia do Pará",19.2054748535156,"2020-02-23"
"1503309","Igarapé-Miri",28.8891468048096,"2020-02-23"
"1503804","Jacundá",17.6758365631104,"2020-02-23"
"1504000","Limoeiro do Ajuru",19.1933364868164,"2020-02-23"
"1504422","Marituba",39.9001235961914,"2020-02-23"
"1504604","Mocajuba",28.4602012634277,"2020-02-23"
"1504703","Moju",28.5492286682129,"2020-02-23"
"1505064","Novo Repartimento",22.7665424346924,"2020-02-23"
"1505205","Oeiras do Pará",21.7265491485596,"2020-02-23"
"1506351","Santa Bárbara do Pará",57.434326171875,"2020-02-23"
"1507953","Tailândia",20.120023727417,"2020-02-23"
"1508100","Tucuruí",19.4766025543213,"2020-02-23"
"1500107","Abaetetuba",90.4025115966797,"2020-02-16"
"1500800","Ananindeua",84.603645324707,"2020-02-16"
"1501105","Bagre",124.896293640137,"2020-02-16"
"1501204","Baião",151.021575927734,"2020-02-16"
"1501303","Barcarena",76.040901184082,"2020-02-16"
"1501402","Belém",108.891731262207,"2020-02-16"
"1501501","Benevides",61.3231735229492,"2020-02-16"
"1501782","Breu Branco",95.5255889892578,"2020-02-16"
"1502103","Cametá",73.4388885498047,"2020-02-16"
"1503093","Goianésia do Pará",37.2940711975098,"2020-02-16"
"1503309","Igarapé-Miri",80.5003280639648,"2020-02-16"
"1503804","Jacundá",29.055061340332,"2020-02-16"
"1504000","Limoeiro do Ajuru",111.760818481445,"2020-02-16"
"1504422","Marituba",70.925910949707,"2020-02-16"
"1504604","Mocajuba",44.5376052856445,"2020-02-16"
"1504703","Moju",147.70735168457,"2020-02-16"
"1505064","Novo Repartimento",65.3131866455078,"2020-02-16"
"1505205","Oeiras do Pará",138.739944458008,"2020-02-16"
"1506351","Santa Bárbara do Pará",90.2892074584961,"2020-02-16"
"1507953","Tailândia",47.7992172241211,"2020-02-16"
"1508100","Tucuruí",50.874683380127,"2020-02-16"
"1500107","Abaetetuba",39.5318794250488,"2020-02-09"
"1500800","Ananindeua",31.1310005187988,"2020-02-09"
"1501105","Bagre",85.8985748291016,"2020-02-09"
"1501204","Baião",104.497055053711,"2020-02-09"
"1501303","Barcarena",28.6018352508545,"2020-02-09"
"1501402","Belém",38.5283050537109,"2020-02-09"
"1501501","Benevides",28.9174747467041,"2020-02-09"
"1501782","Breu Branco",85.3077621459961,"2020-02-09"
"1502103","Cametá",51.8418350219727,"2020-02-09"
"1503093","Goianésia do Pará",52.8049430847168,"2020-02-09"
"1503309","Igarapé-Miri",39.0746078491211,"2020-02-09"
"1503804","Jacundá",36.1529159545898,"2020-02-09"
"1504000","Limoeiro do Ajuru",43.3074188232422,"2020-02-09"
"1504422","Marituba",29.1683673858643,"2020-02-09"
"1504604","Mocajuba",37.1362533569336,"2020-02-09"
"1504703","Moju",51.0932006835938,"2020-02-09"
"1505064","Novo Repartimento",162.712387084961,"2020-02-09"
"1505205","Oeiras do Pará",59.5628776550293,"2020-02-09"
"1506351","Santa Bárbara do Pará",31.9403343200684,"2020-02-09"
"1507953","Tailândia",52.0846366882324,"2020-02-09"
"1508100","Tucuruí",137.865859985352,"2020-02-09"
"1500107","Abaetetuba",17.7405834197998,"2020-02-02"
"1500800","Ananindeua",19.8691291809082,"2020-02-02"
"1501105","Bagre",12.6498775482178,"2020-02-02"
"1501204","Baião",17.0850238800049,"2020-02-02"
"1501303","Barcarena",16.3606700897217,"2020-02-02"
"1501402","Belém",24.3487873077393,"2020-02-02"
"1501501","Benevides",17.2752151489258,"2020-02-02"
"1501782","Breu Branco",68.7933197021484,"2020-02-02"
"1502103","Cametá",14.7177228927612,"2020-02-02"
"1503093","Goianésia do Pará",95.9059829711914,"2020-02-02"
"1503309","Igarapé-Miri",16.8665027618408,"2020-02-02"
"1503804","Jacundá",47.7587509155273,"2020-02-02"
"1504000","Limoeiro do Ajuru",17.5422973632812,"2020-02-02"
"1504422","Marituba",17.5868110656738,"2020-02-02"
"1504604","Mocajuba",14.9686164855957,"2020-02-02"
"1504703","Moju",57.7863883972168,"2020-02-02"
"1505064","Novo Repartimento",59.9675407409668,"2020-02-02"
"1505205","Oeiras do Pará",12.3059110641479,"2020-02-02"
"1506351","Santa Bárbara do Pará",19.7355899810791,"2020-02-02"
"1507953","Tailândia",68.1782302856445,"2020-02-02"
"1508100","Tucuruí",41.1303100585938,"2020-02-02"
"1500107","Abaetetuba",17.4314002990723,"2020-01-26"
"1500800","Ananindeua",33.3592872619629,"2020-01-26"
"1501105","Bagre",146.079696655273,"2020-01-26"
"1501204","Baião",17.6612586975098,"2020-01-26"
"1501303","Barcarena",17.6337966918945,"2020-01-26"
"1501402","Belém",42.4382133483887,"2020-01-26"
"1501501","Benevides",25.6356887817383,"2020-01-26"
"1501782","Breu Branco",15.3286008834839,"2020-01-26"
"1502103","Cametá",51.0545272827148,"2020-01-26"
"1503093","Goianésia do Pará",21.6853408813477,"2020-01-26"
"1503309","Igarapé-Miri",25.530876159668,"2020-01-26"
"1503804","Jacundá",23.9117031097412,"2020-01-26"
"1504000","Limoeiro do Ajuru",70.4050827026367,"2020-01-26"
"1504422","Marituba",27.9487934112549,"2020-01-26"
"1504604","Mocajuba",22.9250202178955,"2020-01-26"
"1504703","Moju",24.6259708404541,"2020-01-26"
"1505064","Novo Repartimento",75.4794464111328,"2020-01-26"
"1505205","Oeiras do Pará",130.487930297852,"2020-01-26"
"1506351","Santa Bárbara do Pará",36.1060943603516,"2020-01-26"
"1507953","Tailândia",27.69460105896,"2020-01-26"
"1508100","Tucuruí",13.5011444091797,"2020-01-26"
"1500107","Abaetetuba",21.3709049224854,"2020-01-19"
"1500800","Ananindeua",24.0201301574707,"2020-01-19"
"1501105","Bagre",15.5014047622681,"2020-01-19"
"1501204","Baião",36.2434349060059,"2020-01-19"
"1501303","Barcarena",20.4384346008301,"2020-01-19"
"1501402","Belém",27.2657032012939,"2020-01-19"
"1501501","Benevides",20.785400390625,"2020-01-19"
"1501782","Breu Branco",40.5805053710938,"2020-01-19"
"1502103","Cametá",24.2839679718018,"2020-01-19"
"1503093","Goianésia do Pará",34.1471824645996,"2020-01-19"
"1503309","Igarapé-Miri",27.1319789886475,"2020-01-19"
"1503804","Jacundá",24.9164581298828,"2020-01-19"
"1504000","Limoeiro do Ajuru",17.196475982666,"2020-01-19"
"1504422","Marituba",21.1323661804199,"2020-01-19"
"1504604","Mocajuba",28.6318798065186,"2020-01-19"
"1504703","Moju",50.7979125976562,"2020-01-19"
"1505064","Novo Repartimento",27.8728942871094,"2020-01-19"
"1505205","Oeiras do Pará",15.519476890564,"2020-01-19"
"1506351","Santa Bárbara do Pará",24.374324798584,"2020-01-19"
"1507953","Tailândia",29.2715969085693,"2020-01-19"
"1508100","Tucuruí",13.5461101531982,"2020-01-19"
"1500107","Abaetetuba",21.3058471679688,"2020-01-12"
"1500800","Ananindeua",18.0638904571533,"2020-01-12"
"1501105","Bagre",23.427396774292,"2020-01-12"
"1501204","Baião",25.1260833740234,"2020-01-12"
"1501303","Barcarena",15.0749273300171,"2020-01-12"
"1501402","Belém",17.5000705718994,"2020-01-12"
"1501501","Benevides",23.5358257293701,"2020-01-12"
"1501782","Breu Branco",25.7368869781494,"2020-01-12"
"1502103","Cametá",22.8852653503418,"2020-01-12"
"1503093","Goianésia do Pará",40.9202423095703,"2020-01-12"
"1503309","Igarapé-Miri",23.1129608154297,"2020-01-12"
"1503804","Jacundá",44.8742027282715,"2020-01-12"
"1504000","Limoeiro do Ajuru",24.5984058380127,"2020-01-12"
"1504422","Marituba",23.5358257293701,"2020-01-12"
"1504604","Mocajuba",23.1888599395752,"2020-01-12"
"1504703","Moju",26.8428401947021,"2020-01-12"
"1505064","Novo Repartimento",55.4205055236816,"2020-01-12"
"1505205","Oeiras do Pará",21.5552291870117,"2020-01-12"
"1506351","Santa Bárbara do Pará",23.3081283569336,"2020-01-12"
"1507953","Tailândia",31.4148330688477,"2020-01-12"
"1508100","Tucuruí",22.4009590148926,"2020-01-12"
"1500107","Abaetetuba",21.1287517547607,"2020-01-05"
"1500800","Ananindeua",27.1898040771484,"2020-01-05"
"1501105","Bagre",17.9518489837646,"2020-01-05"
"1501204","Baião",20.9227409362793,"2020-01-05"
"1501303","Barcarena",26.3549194335938,"2020-01-05"
"1501402","Belém",22.2600040435791,"2020-01-05"
"1501501","Benevides",26.6693572998047,"2020-01-05"
"1501782","Breu Branco",26.1525230407715,"2020-01-05"
"1502103","Cametá",17.9626922607422,"2020-01-05"
"1503093","Goianésia do Pará",29.4450798034668,"2020-01-05"
"1503309","Igarapé-Miri",18.4108562469482,"2020-01-05"
"1503804","Jacundá",27.1645050048828,"2020-01-05"
"1504000","Limoeiro do Ajuru",14.7604894638062,"2020-01-05"
"1504422","Marituba",27.1898040771484,"2020-01-05"
"1504604","Mocajuba",16.7013282775879,"2020-01-05"
"1504703","Moju",26.0549392700195,"2020-01-05"
"1505064","Novo Repartimento",30.9485988616943,"2020-01-05"
"1505205","Oeiras do Pará",14.948429107666,"2020-01-05"
"1506351","Santa Bárbara do Pará",26.2284202575684,"2020-01-05"
"1507953","Tailândia",21.219108581543,"2020-01-05"
"1508100","Tucuruí",26.9151229858398,"2020-01-05"
